county,month,year,confirmed_cases,suspected_cases
Baringo,January,2018,4702,7621
Baringo,February,2018,4549,6052
Baringo,March,2018,2703,3950
Baringo,April,2018,2102,2957
Baringo,May,2018,3444,5084
Baringo,June,2018,4709,5462
Baringo,July,2018,5517,7845
Baringo,August,2018,4512,5215
Baringo,September,2018,3393,4387
Baringo,October,2018,3052,5568
Baringo,November,2018,1640,3806
Baringo,December,2018,1812,2818
Bomet,January,2018,267,1471
Bomet,February,2018,182,1159
Bomet,March,2018,250,1542
Bomet,April,2018,267,1369
Bomet,May,2018,243,2233
Bomet,June,2018,221,1881
Bomet,July,2018,147,1652
Bomet,August,2018,137,1205
Bomet,September,2018,124,1412
Bomet,October,2018,118,1244
Bomet,November,2018,91,1049
Bomet,December,2018,96,953
Bungoma,January,2018,22150,27437
Bungoma,February,2018,26045,30821
Bungoma,March,2018,25332,32537
Bungoma,April,2018,23648,33668
Bungoma,May,2018,32389,41862
Bungoma,June,2018,34325,52756
Bungoma,July,2018,37679,53330
Bungoma,August,2018,21755,33415
Bungoma,September,2018,20419,33730
Bungoma,October,2018,23525,39216
Bungoma,November,2018,17536,29081
Bungoma,December,2018,16167,24523
Busia,January,2018,37822,71590
Busia,February,2018,27575,56493
Busia,March,2018,24909,50740
Busia,April,2018,33320,61906
Busia,May,2018,53115,90657
Busia,June,2018,47003,84861
Busia,July,2018,48556,93152
Busia,August,2018,34588,69452
Busia,September,2018,30119,64686
Busia,October,2018,25436,62056
Busia,November,2018,21948,51578
Busia,December,2018,27372,55012
Elgeyo Marakwet,January,2018,1660,874
Elgeyo Marakwet,February,2018,894,980
Elgeyo Marakwet,March,2018,844,723
Elgeyo Marakwet,April,2018,754,459
Elgeyo Marakwet,May,2018,1092,723
Elgeyo Marakwet,June,2018,986,835
Elgeyo Marakwet,July,2018,1675,1600
Elgeyo Marakwet,August,2018,1207,1538
Elgeyo Marakwet,September,2018,1477,1270
Elgeyo Marakwet,October,2018,1086,1155
Elgeyo Marakwet,November,2018,780,775
Elgeyo Marakwet,December,2018,1015,602
Embu,January,2018,536,677
Embu,February,2018,346,527
Embu,March,2018,266,530
Embu,April,2018,336,515
Embu,May,2018,479,513
Embu,June,2018,390,595
Embu,July,2018,374,518
Embu,August,2018,217,355
Embu,September,2018,191,445
Embu,October,2018,214,479
Embu,November,2018,132,460
Embu,December,2018,176,386
Garissa,January,2018,1145,120
Garissa,February,2018,1055,134
Garissa,March,2018,673,220
Garissa,April,2018,661,152
Garissa,May,2018,767,89
Garissa,June,2018,969,424
Garissa,July,2018,724,490
Garissa,August,2018,646,320
Garissa,September,2018,647,285
Garissa,October,2018,403,194
Garissa,November,2018,251,197
Garissa,December,2018,597,329
Homa Bay,January,2018,44615,19981
Homa Bay,February,2018,33239,18551
Homa Bay,March,2018,23114,15505
Homa Bay,April,2018,14073,9395
Homa Bay,May,2018,21109,22068
Homa Bay,June,2018,18237,22803
Homa Bay,July,2018,19531,23288
Homa Bay,August,2018,13137,16189
Homa Bay,September,2018,12287,18133
Homa Bay,October,2018,10616,17859
Homa Bay,November,2018,7314,14472
Homa Bay,December,2018,8883,11055
Isiolo,January,2018,597,345
Isiolo,February,2018,518,444
Isiolo,March,2018,566,344
Isiolo,April,2018,663,521
Isiolo,May,2018,1278,534
Isiolo,June,2018,1373,664
Isiolo,July,2018,546,433
Isiolo,August,2018,331,350
Isiolo,September,2018,393,425
Isiolo,October,2018,405,607
Isiolo,November,2018,339,516
Isiolo,December,2018,318,367
Kajiado,January,2018,1214,839
Kajiado,February,2018,910,689
Kajiado,March,2018,857,1704
Kajiado,April,2018,1037,1637
Kajiado,May,2018,1019,1682
Kajiado,June,2018,833,1498
Kajiado,July,2018,721,1239
Kajiado,August,2018,775,1331
Kajiado,September,2018,619,1406
Kajiado,October,2018,451,1431
Kajiado,November,2018,492,1076
Kajiado,December,2018,422,1298
Kakamega,January,2018,48235,100380
Kakamega,February,2018,44619,92679
Kakamega,March,2018,45114,88176
Kakamega,April,2018,51474,91561
Kakamega,May,2018,70071,127345
Kakamega,June,2018,68137,130453
Kakamega,July,2018,69445,142981
Kakamega,August,2018,36279,80732
Kakamega,September,2018,35363,82294
Kakamega,October,2018,32176,80122
Kakamega,November,2018,32363,70434
Kakamega,December,2018,31261,62110
Kericho,January,2018,4097,2585
Kericho,February,2018,2415,2275
Kericho,March,2018,2254,2220
Kericho,April,2018,1778,1944
Kericho,May,2018,3101,3022
Kericho,June,2018,3261,5527
Kericho,July,2018,2720,4293
Kericho,August,2018,1706,3292
Kericho,September,2018,1683,3891
Kericho,October,2018,1312,3085
Kericho,November,2018,1357,2299
Kericho,December,2018,1393,1880
Kiambu,January,2018,690,720
Kiambu,February,2018,379,943
Kiambu,March,2018,346,1303
Kiambu,April,2018,396,819
Kiambu,May,2018,461,765
Kiambu,June,2018,430,631
Kiambu,July,2018,428,823
Kiambu,August,2018,450,679
Kiambu,September,2018,466,551
Kiambu,October,2018,377,736
Kiambu,November,2018,353,620
Kiambu,December,2018,341,872
Kilifi,January,2018,15733,4012
Kilifi,February,2018,9412,1575
Kilifi,March,2018,6234,2228
Kilifi,April,2018,7692,1359
Kilifi,May,2018,13298,1687
Kilifi,June,2018,14947,2241
Kilifi,July,2018,13553,6469
Kilifi,August,2018,10609,6039
Kilifi,September,2018,11678,7234
Kilifi,October,2018,10257,6551
Kilifi,November,2018,17367,3137
Kilifi,December,2018,20470,7940
Kirinyaga,January,2018,5,133
Kirinyaga,February,2018,12,101
Kirinyaga,March,2018,15,135
Kirinyaga,April,2018,11,61
Kirinyaga,May,2018,15,132
Kirinyaga,June,2018,7,106
Kirinyaga,July,2018,13,69
Kirinyaga,August,2018,8,144
Kirinyaga,September,2018,12,94
Kirinyaga,October,2018,4,112
Kirinyaga,November,2018,13,58
Kirinyaga,December,2018,4,92
Kisii,January,2018,6611,8438
Kisii,February,2018,5359,7845
Kisii,March,2018,5586,10384
Kisii,April,2018,6042,13801
Kisii,May,2018,9139,24363
Kisii,June,2018,7445,17939
Kisii,July,2018,5199,19680
Kisii,August,2018,3775,14887
Kisii,September,2018,3896,16455
Kisii,October,2018,3244,16656
Kisii,November,2018,3279,14204
Kisii,December,2018,3060,14510
Kisumu,January,2018,36591,44983
Kisumu,February,2018,28684,38042
Kisumu,March,2018,23179,34301
Kisumu,April,2018,25304,42701
Kisumu,May,2018,42714,80681
Kisumu,June,2018,36681,75233
Kisumu,July,2018,50306,92875
Kisumu,August,2018,32063,64002
Kisumu,September,2018,24206,58060
Kisumu,October,2018,17913,55156
Kisumu,November,2018,20798,49846
Kisumu,December,2018,22451,47857
Kitui,January,2018,346,3204
Kitui,February,2018,293,2684
Kitui,March,2018,323,2701
Kitui,April,2018,335,2908
Kitui,May,2018,594,3259
Kitui,June,2018,1651,3169
Kitui,July,2018,1036,3263
Kitui,August,2018,288,1745
Kitui,September,2018,174,2024
Kitui,October,2018,230,2533
Kitui,November,2018,159,1870
Kitui,December,2018,177,1696
Kwale,January,2018,41021,10868
Kwale,February,2018,19669,8853
Kwale,March,2018,11489,8546
Kwale,April,2018,14025,6343
Kwale,May,2018,21727,7532
Kwale,June,2018,23992,9290
Kwale,July,2018,26419,13714
Kwale,August,2018,22289,14556
Kwale,September,2018,14293,14635
Kwale,October,2018,13667,15729
Kwale,November,2018,13050,11692
Kwale,December,2018,23506,13953
Laikipia,January,2018,300,508
Laikipia,February,2018,135,485
Laikipia,March,2018,221,473
Laikipia,April,2018,126,316
Laikipia,May,2018,189,356
Laikipia,June,2018,273,409
Laikipia,July,2018,161,571
Laikipia,August,2018,235,120
Laikipia,September,2018,67,291
Laikipia,October,2018,88,276
Laikipia,November,2018,83,292
Laikipia,December,2018,117,338
Lamu,January,2018,186,47
Lamu,February,2018,35,27
Lamu,March,2018,66,77
Lamu,April,2018,102,51
Lamu,May,2018,101,106
Lamu,June,2018,117,141
Lamu,July,2018,78,32
Lamu,August,2018,75,37
Lamu,September,2018,57,44
Lamu,October,2018,68,11
Lamu,November,2018,69,48
Lamu,December,2018,69,45
Machakos,January,2018,490,2636
Machakos,February,2018,343,2795
Machakos,March,2018,306,3623
Machakos,April,2018,243,2588
Machakos,May,2018,295,2891
Machakos,June,2018,282,2587
Machakos,July,2018,248,2834
Machakos,August,2018,217,2587
Machakos,September,2018,171,2346
Machakos,October,2018,115,2914
Machakos,November,2018,118,1926
Machakos,December,2018,166,2090
Makueni,January,2018,133,2894
Makueni,February,2018,71,2376
Makueni,March,2018,46,2469
Makueni,April,2018,67,2543
Makueni,May,2018,133,2881
Makueni,June,2018,236,2175
Makueni,July,2018,156,2442
Makueni,August,2018,107,2406
Makueni,September,2018,146,1691
Makueni,October,2018,85,2149
Makueni,November,2018,54,1839
Makueni,December,2018,83,1644
Mandera,January,2018,18,960
Mandera,February,2018,7,954
Mandera,March,2018,70,1244
Mandera,April,2018,103,1162
Mandera,May,2018,138,1529
Mandera,June,2018,274,1248
Mandera,July,2018,458,1828
Mandera,August,2018,405,1829
Mandera,September,2018,221,1379
Mandera,October,2018,185,1797
Mandera,November,2018,67,1168
Mandera,December,2018,114,1686
Marsabit,January,2018,531,499
Marsabit,February,2018,233,316
Marsabit,March,2018,216,513
Marsabit,April,2018,204,497
Marsabit,May,2018,356,890
Marsabit,June,2018,564,674
Marsabit,July,2018,566,348
Marsabit,August,2018,300,259
Marsabit,September,2018,128,349
Marsabit,October,2018,131,69
Marsabit,November,2018,87,61
Marsabit,December,2018,103,35
Meru,January,2018,2391,2199
Meru,February,2018,1479,2278
Meru,March,2018,1109,2259
Meru,April,2018,779,1476
Meru,May,2018,1136,1888
Meru,June,2018,1139,1529
Meru,July,2018,810,1545
Meru,August,2018,770,1534
Meru,September,2018,961,1575
Meru,October,2018,1002,1384
Meru,November,2018,779,1196
Meru,December,2018,566,1000
Migori,January,2018,28053,42533
Migori,February,2018,25029,41173
Migori,March,2018,19394,37489
Migori,April,2018,15541,29586
Migori,May,2018,29294,47707
Migori,June,2018,27083,44232
Migori,July,2018,24661,47980
Migori,August,2018,14204,27851
Migori,September,2018,15103,30527
Migori,October,2018,13840,31452
Migori,November,2018,13657,29262
Migori,December,2018,17054,27798
Mombasa,January,2018,9443,5580
Mombasa,February,2018,5258,3686
Mombasa,March,2018,4280,4135
Mombasa,April,2018,4539,3737
Mombasa,May,2018,5732,5410
Mombasa,June,2018,5310,7033
Mombasa,July,2018,5839,5609
Mombasa,August,2018,5647,4937
Mombasa,September,2018,4911,5829
Mombasa,October,2018,4482,5125
Mombasa,November,2018,4725,5186
Mombasa,December,2018,5562,5865
Muranga,January,2018,18,68
Muranga,February,2018,17,63
Muranga,March,2018,11,54
Muranga,April,2018,30,89
Muranga,May,2018,48,91
Muranga,June,2018,65,45
Muranga,July,2018,79,77
Muranga,August,2018,58,53
Muranga,September,2018,14,40
Muranga,October,2018,8,53
Muranga,November,2018,25,47
Muranga,December,2018,12,61
Nairobi,January,2018,7196,4464
Nairobi,February,2018,3422,3862
Nairobi,March,2018,3149,3771
Nairobi,April,2018,3216,3582
Nairobi,May,2018,4136,4572
Nairobi,June,2018,3718,3143
Nairobi,July,2018,3188,3381
Nairobi,August,2018,3189,7031
Nairobi,September,2018,3264,4213
Nairobi,October,2018,2551,4001
Nairobi,November,2018,2610,3662
Nairobi,December,2018,2643,3496
Nakuru,January,2018,3144,5113
Nakuru,February,2018,1922,5204
Nakuru,March,2018,2671,5715
Nakuru,April,2018,2161,3813
Nakuru,May,2018,2502,5541
Nakuru,June,2018,2173,4661
Nakuru,July,2018,1870,5805
Nakuru,August,2018,1789,5776
Nakuru,September,2018,1838,4266
Nakuru,October,2018,1847,4459
Nakuru,November,2018,1767,2806
Nakuru,December,2018,1830,2717
Nandi,January,2018,5059,11434
Nandi,February,2018,4679,9102
Nandi,March,2018,5289,9472
Nandi,April,2018,4742,8267
Nandi,May,2018,7539,12352
Nandi,June,2018,8339,14874
Nandi,July,2018,7508,21546
Nandi,August,2018,4224,8818
Nandi,September,2018,4069,10342
Nandi,October,2018,3429,10805
Nandi,November,2018,3666,9985
Nandi,December,2018,3486,8088
Narok,January,2018,1119,4131
Narok,February,2018,1203,3855
Narok,March,2018,1271,3525
Narok,April,2018,1160,3971
Narok,May,2018,1597,4535
Narok,June,2018,1533,3995
Narok,July,2018,797,4290
Narok,August,2018,486,3406
Narok,September,2018,469,3867
Narok,October,2018,586,4115
Narok,November,2018,634,4142
Narok,December,2018,597,2787
Nyamira,January,2018,1985,1776
Nyamira,February,2018,1960,1523
Nyamira,March,2018,1971,1765
Nyamira,April,2018,1818,1117
Nyamira,May,2018,2434,2675
Nyamira,June,2018,1747,1384
Nyamira,July,2018,1011,642
Nyamira,August,2018,604,570
Nyamira,September,2018,892,956
Nyamira,October,2018,624,1271
Nyamira,November,2018,406,1412
Nyamira,December,2018,602,581
Nyandarua,January,2018,58,332
Nyandarua,February,2018,29,240
Nyandarua,March,2018,44,303
Nyandarua,April,2018,58,273
Nyandarua,May,2018,58,316
Nyandarua,June,2018,46,251
Nyandarua,July,2018,64,216
Nyandarua,August,2018,47,282
Nyandarua,September,2018,59,341
Nyandarua,October,2018,64,315
Nyandarua,November,2018,31,221
Nyandarua,December,2018,22,184
Nyeri,January,2018,45,59
Nyeri,February,2018,13,30
Nyeri,March,2018,17,57
Nyeri,April,2018,35,31
Nyeri,May,2018,34,57
Nyeri,June,2018,22,41
Nyeri,July,2018,18,26
Nyeri,August,2018,26,22
Nyeri,September,2018,31,17
Nyeri,October,2018,21,25
Nyeri,November,2018,10,41
Nyeri,December,2018,20,19
Samburu,January,2018,883,152
Samburu,February,2018,549,122
Samburu,March,2018,815,82
Samburu,April,2018,521,141
Samburu,May,2018,1075,133
Samburu,June,2018,3212,295
Samburu,July,2018,2535,206
Samburu,August,2018,1524,103
Samburu,September,2018,1047,148
Samburu,October,2018,1241,159
Samburu,November,2018,908,146
Samburu,December,2018,931,157
Siaya,January,2018,48813,40878
Siaya,February,2018,35230,33535
Siaya,March,2018,28239,34380
Siaya,April,2018,36873,42566
Siaya,May,2018,72836,81283
Siaya,June,2018,69778,71703
Siaya,July,2018,57913,70410
Siaya,August,2018,27737,49375
Siaya,September,2018,25378,45941
Siaya,October,2018,22382,49123
Siaya,November,2018,29123,40802
Siaya,December,2018,35460,39971
Taita Taveta,January,2018,325,805
Taita Taveta,February,2018,224,408
Taita Taveta,March,2018,150,415
Taita Taveta,April,2018,182,386
Taita Taveta,May,2018,338,396
Taita Taveta,June,2018,342,347
Taita Taveta,July,2018,223,342
Taita Taveta,August,2018,160,219
Taita Taveta,September,2018,186,269
Taita Taveta,October,2018,128,297
Taita Taveta,November,2018,102,120
Taita Taveta,December,2018,158,247
Tana River,January,2018,2109,1223
Tana River,February,2018,1345,837
Tana River,March,2018,906,453
Tana River,April,2018,641,617
Tana River,May,2018,989,694
Tana River,June,2018,1109,942
Tana River,July,2018,1218,584
Tana River,August,2018,741,470
Tana River,September,2018,504,512
Tana River,October,2018,403,282
Tana River,November,2018,303,382
Tana River,December,2018,329,263
Tharaka Nithi,January,2018,854,1026
Tharaka Nithi,February,2018,763,890
Tharaka Nithi,March,2018,572,929
Tharaka Nithi,April,2018,586,750
Tharaka Nithi,May,2018,861,1001
Tharaka Nithi,June,2018,1043,908
Tharaka Nithi,July,2018,999,1058
Tharaka Nithi,August,2018,592,717
Tharaka Nithi,September,2018,496,763
Tharaka Nithi,October,2018,592,1115
Tharaka Nithi,November,2018,405,1334
Tharaka Nithi,December,2018,427,1461
Trans Nzoia,January,2018,8387,3823
Trans Nzoia,February,2018,8261,4365
Trans Nzoia,March,2018,7073,3971
Trans Nzoia,April,2018,6123,3210
Trans Nzoia,May,2018,7238,3617.3
Trans Nzoia,June,2018,7115,3798
Trans Nzoia,July,2018,9839,6261
Trans Nzoia,August,2018,6712,3785
Trans Nzoia,September,2018,6325,3869
Trans Nzoia,October,2018,6371,3872
Trans Nzoia,November,2018,5312,3291
Trans Nzoia,December,2018,4851,2644
Turkana,January,2018,10934,5070
Turkana,February,2018,8320,3805
Turkana,March,2018,8625,5234
Turkana,April,2018,9549,4218
Turkana,May,2018,21840,6522
Turkana,June,2018,30131,9452
Turkana,July,2018,35874,8782
Turkana,August,2018,17994,5769
Turkana,September,2018,11921,4871
Turkana,October,2018,7547,5025
Turkana,November,2018,6247,4318
Turkana,December,2018,5359,2626
Uasin Gishu,January,2018,2960,3921
Uasin Gishu,February,2018,3586,4162
Uasin Gishu,March,2018,2542,3974
Uasin Gishu,April,2018,2011,2957
Uasin Gishu,May,2018,2857,3022
Uasin Gishu,June,2018,2869,3613
Uasin Gishu,July,2018,2481,4544
Uasin Gishu,August,2018,1637,3541
Uasin Gishu,September,2018,1890,3430
Uasin Gishu,October,2018,6814,3621
Uasin Gishu,November,2018,1743,2500
Uasin Gishu,December,2018,1100,2263
Vihiga,January,2018,10319,31251
Vihiga,February,2018,9916,34377
Vihiga,March,2018,10896,36191
Vihiga,April,2018,11946,32768
Vihiga,May,2018,20001,52718
Vihiga,June,2018,23093,56726
Vihiga,July,2018,16717,48565
Vihiga,August,2018,8643,27425
Vihiga,September,2018,5570,22445
Vihiga,October,2018,6774,25260
Vihiga,November,2018,5232,19728
Vihiga,December,2018,4953,17353
Wajir,January,2018,51,165
Wajir,February,2018,24,150
Wajir,March,2018,21,169
Wajir,April,2018,15,140
Wajir,May,2018,36,239
Wajir,June,2018,60,331
Wajir,July,2018,39,344
Wajir,August,2018,108,197
Wajir,September,2018,26,193
Wajir,October,2018,28,201
Wajir,November,2018,32,140
Wajir,December,2018,16,73
West Pokot,January,2018,5864,4073
West Pokot,February,2018,4128,3288
West Pokot,March,2018,2992,4317
West Pokot,April,2018,2371,3531
West Pokot,May,2018,3089,3988
West Pokot,June,2018,5330,5047
West Pokot,July,2018,8002,7754
West Pokot,August,2018,5511,6510
West Pokot,September,2018,3154,7540
West Pokot,October,2018,2606,6193
West Pokot,November,2018,1946,4215
West Pokot,December,2018,2019,2333
Kenya,January,2019,364285,600167
Kenya,February,2019,280718,506740
Kenya,March,2019,350150,640103
Kenya,April,2019,378104,630570
Kenya,May,2019,540741,873517
Kenya,June,2019,541266,893434
Kenya,July,2019,656379,1119009
Kenya,August,2019,436908,722338
Kenya,September,2019,343361,673494
Kenya,October,2019,267928,625018
Kenya,November,2019,242899,503985
Kenya,December,2019,256049,523846
Baringo,January,2019,2333,4293
Baringo,February,2019,1831,3271
Baringo,March,2019,2579,4733
Baringo,April,2019,2534,3182
Baringo,May,2019,2837,3244
Baringo,June,2019,2238,3947
Baringo,July,2019,3130,4859
Baringo,August,2019,3545,3817
Baringo,September,2019,7378,7896
Baringo,October,2019,3877,6476
Baringo,November,2019,4061,3950
Baringo,December,2019,4072,3767
Bomet,January,2019,164,1279
Bomet,February,2019,202,1205
Bomet,March,2019,278,1429
Bomet,April,2019,196,1269
Bomet,May,2019,249,1354
Bomet,June,2019,130,1073
Bomet,July,2019,162,1152
Bomet,August,2019,198,1116
Bomet,September,2019,140,1097
Bomet,October,2019,104,1211
Bomet,November,2019,76,1186
Bomet,December,2019,100,1205
Bungoma,January,2019,24712,42568
Bungoma,February,2019,25693,45559
Bungoma,March,2019,34774,53340
Bungoma,April,2019,45536,60889
Bungoma,May,2019,67623,89459
Bungoma,June,2019,59023,100129
Bungoma,July,2019,78485,134240
Bungoma,August,2019,51485,95808
Bungoma,September,2019,43080,90907
Bungoma,October,2019,36341,90122
Bungoma,November,2019,24390,57756
Bungoma,December,2019,24351,57123
Busia,January,2019,42368,82528
Busia,February,2019,26543,54376
Busia,March,2019,41421,77356
Busia,April,2019,49140,81517
Busia,May,2019,67008,108917
Busia,June,2019,70524,111905
Busia,July,2019,81552,136959
Busia,August,2019,44938,83652
Busia,September,2019,28071,73989
Busia,October,2019,19582,67550
Busia,November,2019,12152,45255
Busia,December,2019,15132,50274
Elgeyo Marakwet,January,2019,1094,456
Elgeyo Marakwet,February,2019,826,943
Elgeyo Marakwet,March,2019,671,1548
Elgeyo Marakwet,April,2019,538,309
Elgeyo Marakwet,May,2019,747,523
Elgeyo Marakwet,June,2019,730,417
Elgeyo Marakwet,July,2019,1260,475
Elgeyo Marakwet,August,2019,1080,393
Elgeyo Marakwet,September,2019,2489,574
Elgeyo Marakwet,October,2019,4526,984
Elgeyo Marakwet,November,2019,2117,874
Elgeyo Marakwet,December,2019,2677,812
Embu,January,2019,378,393
Embu,February,2019,254,599
Embu,March,2019,234,497
Embu,April,2019,77,513
Embu,May,2019,82,557
Embu,June,2019,85,581
Embu,July,2019,112,616
Embu,August,2019,77,363
Embu,September,2019,72,373
Embu,October,2019,84,526
Embu,November,2019,71,337
Embu,December,2019,59,434
Garissa,January,2019,299,157
Garissa,February,2019,331,243
Garissa,March,2019,206,188
Garissa,April,2019,149,92
Garissa,May,2019,250,177
Garissa,June,2019,311,127
Garissa,July,2019,358,141
Garissa,August,2019,226,132
Garissa,September,2019,230,122
Garissa,October,2019,432,404
Garissa,November,2019,430,339
Garissa,December,2019,456,370
Homa Bay,January,2019,14376,18957
Homa Bay,February,2019,10953,11533
Homa Bay,March,2019,12729,16492
Homa Bay,April,2019,8765,14530
Homa Bay,May,2019,9831,22079
Homa Bay,June,2019,9771,26102
Homa Bay,July,2019,14072,33582
Homa Bay,August,2019,8720,18843
Homa Bay,September,2019,8793,21662
Homa Bay,October,2019,6376,22057
Homa Bay,November,2019,5504,17504
Homa Bay,December,2019,6031,16737
Isiolo,January,2019,897,537
Isiolo,February,2019,586,684
Isiolo,March,2019,823,617
Isiolo,April,2019,660,437
Isiolo,May,2019,810,340
Isiolo,June,2019,656,362
Isiolo,July,2019,709,399
Isiolo,August,2019,489,352
Isiolo,September,2019,371,288
Isiolo,October,2019,291,251
Isiolo,November,2019,476,337
Isiolo,December,2019,486,551
Kajiado,January,2019,830,1267
Kajiado,February,2019,562,1091
Kajiado,March,2019,467,1146
Kajiado,April,2019,470,1013
Kajiado,May,2019,659,1108
Kajiado,June,2019,639,1033
Kajiado,July,2019,877,715
Kajiado,August,2019,671,1082
Kajiado,September,2019,673,1164
Kajiado,October,2019,322,739
Kajiado,November,2019,437,1256
Kajiado,December,2019,495,1026
Kakamega,January,2019,53345,103386
Kakamega,February,2019,43926,86636
Kakamega,March,2019,68863,122948
Kakamega,April,2019,90081,142371
Kakamega,May,2019,132691,196514
Kakamega,June,2019,130472,198311
Kakamega,July,2019,130325,221123
Kakamega,August,2019,68281,139156
Kakamega,September,2019,48047,125380
Kakamega,October,2019,38244,110818
Kakamega,November,2019,35878,80741
Kakamega,December,2019,29819,86904
Kericho,January,2019,1944,2240
Kericho,February,2019,2080,2507
Kericho,March,2019,1915,3742
Kericho,April,2019,2341,2130
Kericho,May,2019,3078,2244
Kericho,June,2019,2443,2053
Kericho,July,2019,2914,4205
Kericho,August,2019,1980,2442
Kericho,September,2019,1671,3068
Kericho,October,2019,1449,2668
Kericho,November,2019,1330,1421
Kericho,December,2019,2118,2355
Kiambu,January,2019,693,727
Kiambu,February,2019,436,820
Kiambu,March,2019,426,977
Kiambu,April,2019,550,1225
Kiambu,May,2019,770,896
Kiambu,June,2019,512,853
Kiambu,July,2019,767,1106
Kiambu,August,2019,885,1190
Kiambu,September,2019,768,793
Kiambu,October,2019,424,711
Kiambu,November,2019,621,874
Kiambu,December,2019,510,787
Kilifi,January,2019,25882,2788
Kilifi,February,2019,12363,2428
Kilifi,March,2019,8025,2380
Kilifi,April,2019,4226,1863
Kilifi,May,2019,5542,2469
Kilifi,June,2019,11481,2087
Kilifi,July,2019,13808,4649
Kilifi,August,2019,12011,11689
Kilifi,September,2019,13460,13034
Kilifi,October,2019,9743,13385
Kilifi,November,2019,15989,15416
Kilifi,December,2019,22163,20549
Kirinyaga,January,2019,15,52
Kirinyaga,February,2019,15,36
Kirinyaga,March,2019,5,86
Kirinyaga,April,2019,10,76
Kirinyaga,May,2019,11,91
Kirinyaga,June,2019,6,117
Kirinyaga,July,2019,25,120
Kirinyaga,August,2019,9,152
Kirinyaga,September,2019,13,156
Kirinyaga,October,2019,18,97
Kirinyaga,November,2019,4,86
Kirinyaga,December,2019,6,164
Kisii,January,2019,4291,18729
Kisii,February,2019,3231,13499
Kisii,March,2019,4169,20948
Kisii,April,2019,4505,17941
Kisii,May,2019,5844,23420
Kisii,June,2019,5154,25824
Kisii,July,2019,5623,33502
Kisii,August,2019,3998,22185
Kisii,September,2019,3852,21632
Kisii,October,2019,3514,20085
Kisii,November,2019,3231,16009
Kisii,December,2019,3070,16487
Kisumu,January,2019,37407,83016
Kisumu,February,2019,25345,58815
Kisumu,March,2019,33113,80546
Kisumu,April,2019,33617,74013
Kisumu,May,2019,48391,107981
Kisumu,June,2019,46862,106703
Kisumu,July,2019,57322,136714
Kisumu,August,2019,22656,60429
Kisumu,September,2019,16057,46256
Kisumu,October,2019,15223,51496
Kisumu,November,2019,14915,52390
Kisumu,December,2019,16346,53023
Kitui,January,2019,278,2438
Kitui,February,2019,414,2101
Kitui,March,2019,330,2525
Kitui,April,2019,382,1988
Kitui,May,2019,329,2431
Kitui,June,2019,181,1680
Kitui,July,2019,251,2774
Kitui,August,2019,95,1127
Kitui,September,2019,107,373
Kitui,October,2019,157,1469
Kitui,November,2019,142,1397
Kitui,December,2019,209,2150
Kwale,January,2019,22597,20509
Kwale,February,2019,12018,19366
Kwale,March,2019,11624,12415
Kwale,April,2019,6713,7859
Kwale,May,2019,7143,9692
Kwale,June,2019,12081,14620
Kwale,July,2019,14931,17111
Kwale,August,2019,10055,9598
Kwale,September,2019,10993,11309
Kwale,October,2019,9581,11229
Kwale,November,2019,10688,16389
Kwale,December,2019,15509,17351
Laikipia,January,2019,75,293
Laikipia,February,2019,93,314
Laikipia,March,2019,118,365
Laikipia,April,2019,89,230
Laikipia,May,2019,103,185
Laikipia,June,2019,112,293
Laikipia,July,2019,100,192
Laikipia,August,2019,55,226
Laikipia,September,2019,70,290
Laikipia,October,2019,92,277
Laikipia,November,2019,42,159
Laikipia,December,2019,61,332
Lamu,January,2019,75,45
Lamu,February,2019,35,23
Lamu,March,2019,48,48
Lamu,April,2019,30,11
Lamu,May,2019,47,17
Lamu,June,2019,62,4
Lamu,July,2019,55,5
Lamu,August,2019,42,19
Lamu,September,2019,38,40
Lamu,October,2019,66,29
Lamu,November,2019,49,11
Lamu,December,2019,78,20
Machakos,January,2019,405,2707
Machakos,February,2019,743,1955
Machakos,March,2019,200,2843
Machakos,April,2019,175,2090
Machakos,May,2019,330,2407
Machakos,June,2019,266,6913
Machakos,July,2019,269,6915
Machakos,August,2019,248,4643
Machakos,September,2019,206,4079
Machakos,October,2019,128,3201
Machakos,November,2019,153,3331
Machakos,December,2019,201,2857
Makueni,January,2019,279,2166
Makueni,February,2019,62,1990
Makueni,March,2019,50,1694
Makueni,April,2019,57,1415
Makueni,May,2019,87,2008
Makueni,June,2019,80,1183
Makueni,July,2019,102,2004
Makueni,August,2019,96,1425
Makueni,September,2019,69,1190
Makueni,October,2019,64,1388
Makueni,November,2019,106,1540
Makueni,December,2019,107,1340
Mandera,January,2019,128,1197
Mandera,February,2019,272,914
Mandera,March,2019,113,1414
Mandera,April,2019,45,1050
Mandera,May,2019,138,996
Mandera,June,2019,189,1516
Mandera,July,2019,173,949
Mandera,August,2019,63,914
Mandera,September,2019,257,1066
Mandera,October,2019,121,1055
Mandera,November,2019,91,1035
Mandera,December,2019,80,1040
Marsabit,January,2019,214,411
Marsabit,February,2019,37,300
Marsabit,March,2019,65,471
Marsabit,April,2019,74,419
Marsabit,May,2019,234,504
Marsabit,June,2019,117,878
Marsabit,July,2019,187,1061
Marsabit,August,2019,172,807
Marsabit,September,2019,138,1203
Marsabit,October,2019,121,939
Marsabit,November,2019,75,1008
Marsabit,December,2019,178,734
Meru,January,2019,1207,1593
Meru,February,2019,1059,2334
Meru,March,2019,1211,2191
Meru,April,2019,674,1759
Meru,May,2019,633,2176
Meru,June,2019,591,1620
Meru,July,2019,598,1425
Meru,August,2019,802,913
Meru,September,2019,469,1645
Meru,October,2019,474,1365
Meru,November,2019,590,1025
Meru,December,2019,472,1197
Migori,January,2019,22660,42895
Migori,February,2019,30847,52452
Migori,March,2019,28300,58532
Migori,April,2019,20591,47796
Migori,May,2019,25250,60431
Migori,June,2019,29168,59863
Migori,July,2019,35782,73234
Migori,August,2019,24434,53916
Migori,September,2019,19194,45570
Migori,October,2019,17177,42801
Migori,November,2019,14796,39188
Migori,December,2019,14881,35685
Mombasa,January,2019,7032,6515
Mombasa,February,2019,4227,8245
Mombasa,March,2019,3637,7257
Mombasa,April,2019,3655,6750
Mombasa,May,2019,4348,8571
Mombasa,June,2019,4083,7935
Mombasa,July,2019,3607,6778
Mombasa,August,2019,3280,5238
Mombasa,September,2019,3397,7141
Mombasa,October,2019,2610,7936
Mombasa,November,2019,3038,10278
Mombasa,December,2019,3998,11121
Muranga,January,2019,26,72
Muranga,February,2019,38,85
Muranga,March,2019,14,113
Muranga,April,2019,30,70
Muranga,May,2019,39,83
Muranga,June,2019,32,100
Muranga,July,2019,50,199
Muranga,August,2019,43,73
Muranga,September,2019,46,51
Muranga,October,2019,12,37
Muranga,November,2019,16,31
Muranga,December,2019,29,67
Nairobi,January,2019,5309,5660
Nairobi,February,2019,3129,3839
Nairobi,March,2019,4306,5018
Nairobi,April,2019,3280,4615
Nairobi,May,2019,4808,4166
Nairobi,June,2019,4134,4366
Nairobi,July,2019,4504,5555
Nairobi,August,2019,4434,5276
Nairobi,September,2019,4036,4667
Nairobi,October,2019,2840,4443
Nairobi,November,2019,2578,4373
Nairobi,December,2019,6262,3586
Nakuru,January,2019,2346,4330
Nakuru,February,2019,1742,4280
Nakuru,March,2019,2173,5355
Nakuru,April,2019,1929,4845
Nakuru,May,2019,2532,5992
Nakuru,June,2019,2273,4696
Nakuru,July,2019,2626,5919
Nakuru,August,2019,2220,4742
Nakuru,September,2019,2286,5090
Nakuru,October,2019,2425,4452
Nakuru,November,2019,1785,4997
Nakuru,December,2019,1866,4214
Nandi,January,2019,4606,12647
Nandi,February,2019,4480,12780
Nandi,March,2019,5299,11691
Nandi,April,2019,6699,10125
Nandi,May,2019,9747,13269
Nandi,June,2019,6990,10318
Nandi,July,2019,10233,12693
Nandi,August,2019,5983,7264
Nandi,September,2019,4742,5418
Nandi,October,2019,4594,4768
Nandi,November,2019,3311,3191
Nandi,December,2019,2891,4013
Narok,January,2019,732,3674
Narok,February,2019,1257,3562
Narok,March,2019,1508,4695
Narok,April,2019,1578,3942
Narok,May,2019,2003,7244
Narok,June,2019,1735,4545
Narok,July,2019,1982,5196
Narok,August,2019,1522,3897
Narok,September,2019,1073,4735
Narok,October,2019,1140,4671
Narok,November,2019,839,3612
Narok,December,2019,1045,3607
Nyamira,January,2019,969,1198
Nyamira,February,2019,1139,1114
Nyamira,March,2019,1168,1405
Nyamira,April,2019,1198,532
Nyamira,May,2019,1586,711
Nyamira,June,2019,1838,1187
Nyamira,July,2019,1840,1598
Nyamira,August,2019,1499,1159
Nyamira,September,2019,1885,903
Nyamira,October,2019,1672,2235
Nyamira,November,2019,1196,1371
Nyamira,December,2019,1452,1624
Nyandarua,January,2019,42,232
Nyandarua,February,2019,69,241
Nyandarua,March,2019,38,297
Nyandarua,April,2019,44,247
Nyandarua,May,2019,68,239
Nyandarua,June,2019,60,151
Nyandarua,July,2019,97,262
Nyandarua,August,2019,76,207
Nyandarua,September,2019,40,294
Nyandarua,October,2019,47,192
Nyandarua,November,2019,50,170
Nyandarua,December,2019,40,189
Nyeri,January,2019,31,35
Nyeri,February,2019,17,19
Nyeri,March,2019,15,39
Nyeri,April,2019,25,41
Nyeri,May,2019,67,47
Nyeri,June,2019,19,55
Nyeri,July,2019,33,16
Nyeri,August,2019,73,37
Nyeri,September,2019,47,26
Nyeri,October,2019,36,56
Nyeri,November,2019,19,74
Nyeri,December,2019,40,41
Samburu,January,2019,1444,165
Samburu,February,2019,1144,62
Samburu,March,2019,1388,142
Samburu,April,2019,980,95
Samburu,May,2019,1175,258
Samburu,June,2019,1425,187
Samburu,July,2019,1702,235
Samburu,August,2019,1424,184
Samburu,September,2019,1268,301
Samburu,October,2019,1162,241
Samburu,November,2019,1133,369
Samburu,December,2019,1043,373
Siaya,January,2019,53940,77113
Siaya,February,2019,40028,64598
Siaya,March,2019,46650,80012
Siaya,April,2019,50417,77987
Siaya,May,2019,70501,106217
Siaya,June,2019,71517,105825
Siaya,July,2019,99546,151451
Siaya,August,2019,62495,96736
Siaya,September,2019,43985,86877
Siaya,October,2019,27525,70447
Siaya,November,2019,25062,62102
Siaya,December,2019,25614,64225
Taita Taveta,January,2019,243,224
Taita Taveta,February,2019,108,239
Taita Taveta,March,2019,141,68
Taita Taveta,April,2019,113,81
Taita Taveta,May,2019,162,62
Taita Taveta,June,2019,186,65
Taita Taveta,July,2019,385,19
Taita Taveta,August,2019,147,18
Taita Taveta,September,2019,98,22
Taita Taveta,October,2019,91,74
Taita Taveta,November,2019,127,139
Taita Taveta,December,2019,247,144
Tana River,January,2019,648,615
Tana River,February,2019,446,492
Tana River,March,2019,482,438
Tana River,April,2019,360,398
Tana River,May,2019,385,451
Tana River,June,2019,436,446
Tana River,July,2019,486,638
Tana River,August,2019,438,500
Tana River,September,2019,290,476
Tana River,October,2019,318,474
Tana River,November,2019,385,851
Tana River,December,2019,452,632
Tharaka Nithi,January,2019,661,1249
Tharaka Nithi,February,2019,595,1556
Tharaka Nithi,March,2019,650,1801
Tharaka Nithi,April,2019,443,2101
Tharaka Nithi,May,2019,474,1997
Tharaka Nithi,June,2019,540,2771
Tharaka Nithi,July,2019,570,2291
Tharaka Nithi,August,2019,231,1414
Tharaka Nithi,September,2019,255,489
Tharaka Nithi,October,2019,170,1157
Tharaka Nithi,November,2019,195,1066
Tharaka Nithi,December,2019,359,1325
Trans Nzoia,January,2019,6563,4802
Trans Nzoia,February,2019,5657,2881
Trans Nzoia,March,2019,7202,4143
Trans Nzoia,April,2019,7446,3631
Trans Nzoia,May,2019,10068,5911
Trans Nzoia,June,2019,9876,6470
Trans Nzoia,July,2019,10392,8630
Trans Nzoia,August,2019,8366,5944
Trans Nzoia,September,2019,7694,5762
Trans Nzoia,October,2019,9167,9269
Trans Nzoia,November,2019,7121,4463
Trans Nzoia,December,2019,6510,3451
Turkana,January,2019,7343,4365
Turkana,February,2019,4700,2104
Turkana,March,2019,6887,2987
Turkana,April,2019,6104,3524
Turkana,May,2019,8621,3503
Turkana,June,2019,9218,4341
Turkana,July,2019,20039,6859
Turkana,August,2019,52354,11584
Turkana,September,2019,36225,13700
Turkana,October,2019,21954,10330
Turkana,November,2019,28499,14078
Turkana,December,2019,26442,16981
Uasin Gishu,January,2019,2524,3978
Uasin Gishu,February,2019,1732,3391
Uasin Gishu,March,2019,1965,3335
Uasin Gishu,April,2019,2417,3048
Uasin Gishu,May,2019,4975,3617
Uasin Gishu,June,2019,4380,3692
Uasin Gishu,July,2019,3505,3461
Uasin Gishu,August,2019,2643,2847
Uasin Gishu,September,2019,2441,2584
Uasin Gishu,October,2019,2382,3641
Uasin Gishu,November,2019,1512,4752
Uasin Gishu,December,2019,2143,3579
Vihiga,January,2019,8406,32285
Vihiga,February,2019,8206,29541
Vihiga,March,2019,12358,37290
Vihiga,April,2019,17906,38753
Vihiga,May,2019,35552,65480
Vihiga,June,2019,33410,61627
Vihiga,July,2019,37193,75766
Vihiga,August,2019,20358,44958
Vihiga,September,2019,16030,40278
Vihiga,October,2019,10208,33826
Vihiga,November,2019,6573,20636
Vihiga,December,2019,8424,22270
Wajir,January,2019,18,126
Wajir,February,2019,8,80
Wajir,March,2019,41,65
Wajir,April,2019,8,46
Wajir,May,2019,48,66
Wajir,June,2019,12,35
Wajir,July,2019,27,114
Wajir,August,2019,18,60
Wajir,September,2019,13,65
Wajir,October,2019,10,78
Wajir,November,2019,50,136
Wajir,December,2019,44,93
West Pokot,January,2019,2456,3255
West Pokot,February,2019,1239,1637
West Pokot,March,2019,1471,2481
West Pokot,April,2019,1247,1752
West Pokot,May,2019,2865,3413
West Pokot,June,2019,5218,4428
West Pokot,July,2019,13613,11102
West Pokot,August,2019,11993,13811
West Pokot,September,2019,10804,19459
West Pokot,October,2019,11034,13358
West Pokot,November,2019,10996,6482
West Pokot,December,2019,7481,7037
Kenya,January,2020,434301,828281
Kenya,February,2020,454489,777405
Kenya,March,2020,441149,765095
Kenya,April,2020,295551,499796
Kenya,May,2020,341026,553178
Kenya,June,2020,360479,612984
Kenya,July,2020,339599,602178
Kenya,August,2020,303646,496834
Kenya,September,2020,311150,525266
Kenya,October,2020,281033,643174
Kenya,November,2020,325320,669695
Kenya,December,2020,178522,338421
Baringo,January,2020,8984,7443
Baringo,February,2020,9383,5736
Baringo,March,2020,6925,4634
Baringo,April,2020,3836,2117
Baringo,May,2020,3646,2965
Baringo,June,2020,4139,3275
Baringo,July,2020,3916,3320
Baringo,August,2020,4158,3542
Baringo,September,2020,4422,4961
Baringo,October,2020,3990,6052
Baringo,November,2020,3037,6643
Baringo,December,2020,2481,3274
Bomet,January,2020,266,2605
Bomet,February,2020,486,2528
Bomet,March,2020,270,1848
Bomet,April,2020,111,667
Bomet,May,2020,131,628
Bomet,June,2020,102,439
Bomet,July,2020,133,705
Bomet,August,2020,81,744
Bomet,September,2020,104,670
Bomet,October,2020,117,755
Bomet,November,2020,61,1010
Bomet,December,2020,63,811
Bungoma,January,2020,33340,78757
Bungoma,February,2020,32211,78653
Bungoma,March,2020,29927,81867
Bungoma,April,2020,21645,60679
Bungoma,May,2020,21875,56544
Bungoma,June,2020,24377,63772
Bungoma,July,2020,26046,64974
Bungoma,August,2020,20595,58448
Bungoma,September,2020,19784,57513
Bungoma,October,2020,19975,68207
Bungoma,November,2020,24510,72899
Bungoma,December,2020,14766,41690
Busia,January,2020,29521,81557
Busia,February,2020,43301,84215
Busia,March,2020,43319,87493
Busia,April,2020,30115,57551
Busia,May,2020,37499,68823
Busia,June,2020,37744,71268
Busia,July,2020,29167,63468
Busia,August,2020,20922,54465
Busia,September,2020,19328,53963
Busia,October,2020,21848,58902
Busia,November,2020,36967,76630
Busia,December,2020,14223,29312
Elgeyo Marakwet,January,2020,6208,1990
Elgeyo Marakwet,February,2020,5067,1176
Elgeyo Marakwet,March,2020,2320,401
Elgeyo Marakwet,April,2020,1367,147
Elgeyo Marakwet,May,2020,1194,252
Elgeyo Marakwet,June,2020,1530,277
Elgeyo Marakwet,July,2020,2340,241
Elgeyo Marakwet,August,2020,1963,246
Elgeyo Marakwet,September,2020,1891,245
Elgeyo Marakwet,October,2020,1929,264
Elgeyo Marakwet,November,2020,1507,3829
Elgeyo Marakwet,December,2020,927,1868
Embu,January,2020,215,509
Embu,February,2020,261,540
Embu,March,2020,136,500
Embu,April,2020,94,271
Embu,May,2020,68,295
Embu,June,2020,127,258
Embu,July,2020,91,208
Embu,August,2020,89,293
Embu,September,2020,74,260
Embu,October,2020,99,352
Embu,November,2020,94,585
Embu,December,2020,51,423
Garissa,January,2020,919,291
Garissa,February,2020,619,596
Garissa,March,2020,698,629
Garissa,April,2020,389,665
Garissa,May,2020,477,449
Garissa,June,2020,558,786
Garissa,July,2020,441,639
Garissa,August,2020,1450,492
Garissa,September,2020,303,399
Garissa,October,2020,331,553
Garissa,November,2020,180,1725
Garissa,December,2020,312,2357
Homa Bay,January,2020,11878,28925
Homa Bay,February,2020,15006,34478
Homa Bay,March,2020,17148,31451
Homa Bay,April,2020,9745,19998
Homa Bay,May,2020,9119,18692
Homa Bay,June,2020,9627,23014
Homa Bay,July,2020,8465,21510
Homa Bay,August,2020,5011,9584
Homa Bay,September,2020,6502,16154
Homa Bay,October,2020,8671,17182
Homa Bay,November,2020,10232,21411
Homa Bay,December,2020,5736,10073
Isiolo,January,2020,661,715
Isiolo,February,2020,892,784
Isiolo,March,2020,995,698
Isiolo,April,2020,395,206
Isiolo,May,2020,536,429
Isiolo,June,2020,495,573
Isiolo,July,2020,360,507
Isiolo,August,2020,332,379
Isiolo,September,2020,291,393
Isiolo,October,2020,217,348
Isiolo,November,2020,253,377
Isiolo,December,2020,233,340
Kajiado,January,2020,1069,1544
Kajiado,February,2020,743,1301
Kajiado,March,2020,613,1190
Kajiado,April,2020,510,556
Kajiado,May,2020,315,575
Kajiado,June,2020,450,654
Kajiado,July,2020,577,753
Kajiado,August,2020,381,701
Kajiado,September,2020,372,869
Kajiado,October,2020,266,1288
Kajiado,November,2020,232,1227
Kajiado,December,2020,328,1842
Kakamega,January,2020,67266,130533
Kakamega,February,2020,56656,114350
Kakamega,March,2020,53767,107402
Kakamega,April,2020,43366,82717
Kakamega,May,2020,51071,96910
Kakamega,June,2020,58230,111125
Kakamega,July,2020,43410,102020
Kakamega,August,2020,30726,82329
Kakamega,September,2020,39970,87388
Kakamega,October,2020,41109,90048
Kakamega,November,2020,46591,105729
Kakamega,December,2020,20871,39621
Kericho,January,2020,2701,4404
Kericho,February,2020,4109,2820
Kericho,March,2020,4577,2820
Kericho,April,2020,3049,2044
Kericho,May,2020,3288,1920
Kericho,June,2020,3252,3256
Kericho,July,2020,2297,1779
Kericho,August,2020,1551,2607
Kericho,September,2020,1170,2522
Kericho,October,2020,1121,1810
Kericho,November,2020,1518,4519
Kericho,December,2020,463,3362
Kiambu,January,2020,1066,1112
Kiambu,February,2020,595,1088
Kiambu,March,2020,368,1811
Kiambu,April,2020,131,463
Kiambu,May,2020,138,361
Kiambu,June,2020,109,438
Kiambu,July,2020,325,401
Kiambu,August,2020,184,451
Kiambu,September,2020,468,518
Kiambu,October,2020,197,506
Kiambu,November,2020,268,1045
Kiambu,December,2020,230,990
Kilifi,January,2020,31110,33000
Kilifi,February,2020,32078,31790
Kilifi,March,2020,28488,24816
Kilifi,April,2020,14360,12658
Kilifi,May,2020,20619,17802
Kilifi,June,2020,25500,24219
Kilifi,July,2020,26365,26989
Kilifi,August,2020,30884,31869
Kilifi,September,2020,27422,32431
Kilifi,October,2020,18754,27623
Kilifi,November,2020,17334,27027
Kilifi,December,2020,10060,12016
Kirinyaga,January,2020,42,150
Kirinyaga,February,2020,18,125
Kirinyaga,March,2020,12,77
Kirinyaga,April,2020,15,77
Kirinyaga,May,2020,10,94
Kirinyaga,June,2020,13,76
Kirinyaga,July,2020,19,110
Kirinyaga,August,2020,18,79
Kirinyaga,September,2020,12,115
Kirinyaga,October,2020,23,42
Kirinyaga,November,2020,32,185
Kirinyaga,December,2020,24,114
Kisii,January,2020,4582,23492
Kisii,February,2020,5369,24821
Kisii,March,2020,4567,23667
Kisii,April,2020,3388,14596
Kisii,May,2020,3670,15129
Kisii,June,2020,4143,18761
Kisii,July,2020,3437,18036
Kisii,August,2020,2940,16899
Kisii,September,2020,2640,18078
Kisii,October,2020,3018,21824
Kisii,November,2020,2723,19867
Kisii,December,2020,1203,7832
Kisumu,January,2020,34179,107696
Kisumu,February,2020,28882,90207
Kisumu,March,2020,49024,100160
Kisumu,April,2020,31855,64124
Kisumu,May,2020,34711,70527
Kisumu,June,2020,23285,49269
Kisumu,July,2020,34808,78994
Kisumu,August,2020,23505,58896
Kisumu,September,2020,19904,59247
Kisumu,October,2020,19930,70657
Kisumu,November,2020,20011,75164
Kisumu,December,2020,13686,37294
Kitui,January,2020,449,2320
Kitui,February,2020,551,2188
Kitui,March,2020,1316,2739
Kitui,April,2020,487,951
Kitui,May,2020,589,1282
Kitui,June,2020,889,1898
Kitui,July,2020,632,1257
Kitui,August,2020,116,755
Kitui,September,2020,53,534
Kitui,October,2020,24,506
Kitui,November,2020,82,971
Kitui,December,2020,104,1129
Kwale,January,2020,21557,30254
Kwale,February,2020,19463,17080
Kwale,March,2020,20635,4544
Kwale,April,2020,17132,3703
Kwale,May,2020,23290,4685
Kwale,June,2020,32785,11655
Kwale,July,2020,27581,11146
Kwale,August,2020,20899,12314
Kwale,September,2020,17221,13556
Kwale,October,2020,11859,81427
Kwale,November,2020,12988,11199
Kwale,December,2020,3591,2911
Laikipia,January,2020,76,372
Laikipia,February,2020,138,488
Laikipia,March,2020,70,363
Laikipia,April,2020,52,149
Laikipia,May,2020,28,208
Laikipia,June,2020,27,172
Laikipia,July,2020,45,176
Laikipia,August,2020,38,133
Laikipia,September,2020,61,72
Laikipia,October,2020,81,362
Laikipia,November,2020,74,359
Laikipia,December,2020,78,479
Lamu,January,2020,93,91
Lamu,February,2020,64,121
Lamu,March,2020,51,128
Lamu,April,2020,14,74
Lamu,May,2020,45,15
Lamu,June,2020,20,91
Lamu,July,2020,8,43
Lamu,August,2020,17,642
Lamu,September,2020,31,21
Lamu,October,2020,32,21
Lamu,November,2020,36,91
Lamu,December,2020,22,79
Machakos,January,2020,693,4977
Machakos,February,2020,287,4540
Machakos,March,2020,148,3955
Machakos,April,2020,72,1981
Machakos,May,2020,50,1724
Machakos,June,2020,106,1792
Machakos,July,2020,72,1810
Machakos,August,2020,106,1857
Machakos,September,2020,108,1942
Machakos,October,2020,119,1780
Machakos,November,2020,186,2764
Machakos,December,2020,136,1892
Makueni,January,2020,240,1934
Makueni,February,2020,194,2386
Makueni,March,2020,169,2052
Makueni,April,2020,99,1179
Makueni,May,2020,69,954
Makueni,June,2020,100,1257
Makueni,July,2020,73,1383
Makueni,August,2020,54,1135
Makueni,September,2020,50,977
Makueni,October,2020,50,1241
Makueni,November,2020,62,858
Makueni,December,2020,78,927
Mandera,January,2020,143,757
Mandera,February,2020,86,711
Mandera,March,2020,36,689
Mandera,April,2020,61,898
Mandera,May,2020,83,865
Mandera,June,2020,88,698
Mandera,July,2020,57,839
Mandera,August,2020,67,882
Mandera,September,2020,95,932
Mandera,October,2020,35,1478
Mandera,November,2020,185,2015
Mandera,December,2020,98,1430
Marsabit,January,2020,726,879
Marsabit,February,2020,1039,1200
Marsabit,March,2020,416,746
Marsabit,April,2020,421,688
Marsabit,May,2020,658,727
Marsabit,June,2020,542,1135
Marsabit,July,2020,462,1098
Marsabit,August,2020,357,744
Marsabit,September,2020,252,805
Marsabit,October,2020,118,871
Marsabit,November,2020,108,849
Marsabit,December,2020,138,636
Meru,January,2020,1414,1579
Meru,February,2020,711,1465
Meru,March,2020,500,1464
Meru,April,2020,243,334
Meru,May,2020,304,1130
Meru,June,2020,436,1476
Meru,July,2020,428,1124
Meru,August,2020,367,944
Meru,September,2020,380,852
Meru,October,2020,466,625
Meru,November,2020,346,1033
Meru,December,2020,293,984
Migori,January,2020,19834,45089
Migori,February,2020,41162,67925
Migori,March,2020,44012,73428
Migori,April,2020,25626,43389
Migori,May,2020,21772,41114
Migori,June,2020,22212,51048
Migori,July,2020,18352,43371
Migori,August,2020,11794,30709
Migori,September,2020,13873,34627
Migori,October,2020,13908,40276
Migori,November,2020,19476,48833
Migori,December,2020,11464,27625
Mombasa,January,2020,6850,34085
Mombasa,February,2020,4700,11015
Mombasa,March,2020,3107,9561
Mombasa,April,2020,1893,5894
Mombasa,May,2020,2138,4975
Mombasa,June,2020,2352,5811
Mombasa,July,2020,2659,5222
Mombasa,August,2020,3094,6555
Mombasa,September,2020,2357,6475
Mombasa,October,2020,2444,5313
Mombasa,November,2020,1967,5894
Mombasa,December,2020,2033,7927
Muranga,January,2020,54,23
Muranga,February,2020,37,45
Muranga,March,2020,28,56
Muranga,April,2020,13,38
Muranga,May,2020,23,38
Muranga,June,2020,5,31
Muranga,July,2020,36,67
Muranga,August,2020,14,40
Muranga,September,2020,4,38
Muranga,October,2020,11,30
Muranga,November,2020,14,35
Muranga,December,2020,16,51
Nairobi,January,2020,7466,7597
Nairobi,February,2020,3885,5736
Nairobi,March,2020,3606,4690
Nairobi,April,2020,1315,2220
Nairobi,May,2020,1012,2432
Nairobi,June,2020,1131,2668
Nairobi,July,2020,1314,2929
Nairobi,August,2020,2819,2646
Nairobi,September,2020,1483,2975
Nairobi,October,2020,2006,4685
Nairobi,November,2020,2170,4672
Nairobi,December,2020,2187,5055
Nakuru,January,2020,2830,6327
Nakuru,February,2020,2110,9297
Nakuru,March,2020,1403,6222
Nakuru,April,2020,819,3437
Nakuru,May,2020,820,3140
Nakuru,June,2020,954,3204
Nakuru,July,2020,990,4053
Nakuru,August,2020,1111,3945
Nakuru,September,2020,1098,3878
Nakuru,October,2020,1092,4663
Nakuru,November,2020,928,5364
Nakuru,December,2020,1151,4693
Nandi,January,2020,4859,4718
Nandi,February,2020,6809,5169
Nandi,March,2020,4912,4721
Nandi,April,2020,3481,3414
Nandi,May,2020,2940,4071
Nandi,June,2020,3661,3220
Nandi,July,2020,3249,2849
Nandi,August,2020,2567,3373
Nandi,September,2020,2041,2720
Nandi,October,2020,2339,3425
Nandi,November,2020,1951,6932
Nandi,December,2020,722,1882
Narok,January,2020,1634,6120
Narok,February,2020,2043,6324
Narok,March,2020,1914,4908
Narok,April,2020,1422,2636
Narok,May,2020,1678,2976
Narok,June,2020,1971,2841
Narok,July,2020,1469,4331
Narok,August,2020,778,4522
Narok,September,2020,678,3081
Narok,October,2020,594,3581
Narok,November,2020,736,4043
Narok,December,2020,840,3419
Nyamira,January,2020,1529,2020
Nyamira,February,2020,3680,2314
Nyamira,March,2020,2408,2214
Nyamira,April,2020,1236,1296
Nyamira,May,2020,1088,1115
Nyamira,June,2020,1102,1282
Nyamira,July,2020,1191,1463
Nyamira,August,2020,850,1596
Nyamira,September,2020,899,1586
Nyamira,October,2020,930,1774
Nyamira,November,2020,920,3085
Nyamira,December,2020,434,1306
Nyandarua,January,2020,74,193
Nyandarua,February,2020,74,148
Nyandarua,March,2020,29,219
Nyandarua,April,2020,36,73
Nyandarua,May,2020,23,91
Nyandarua,June,2020,23,96
Nyandarua,July,2020,12,77
Nyandarua,August,2020,22,65
Nyandarua,September,2020,42,86
Nyandarua,October,2020,10,90
Nyandarua,November,2020,44,116
Nyandarua,December,2020,34,52
Nyeri,January,2020,96,120
Nyeri,February,2020,41,76
Nyeri,March,2020,30,57
Nyeri,April,2020,15,16
Nyeri,May,2020,10,16
Nyeri,June,2020,27,31
Nyeri,July,2020,17,23
Nyeri,August,2020,15,14
Nyeri,September,2020,18,20
Nyeri,October,2020,14,18
Nyeri,November,2020,36,49
Nyeri,December,2020,17,34
Samburu,January,2020,1285,670
Samburu,February,2020,1443,684
Samburu,March,2020,1652,211
Samburu,April,2020,843,112
Samburu,May,2020,880,123
Samburu,June,2020,840,170
Samburu,July,2020,829,220
Samburu,August,2020,670,256
Samburu,September,2020,516,250
Samburu,October,2020,628,434
Samburu,November,2020,573,560
Samburu,December,2020,560,511
Siaya,January,2020,58130,100936
Siaya,February,2020,69347,105924
Siaya,March,2020,65359,108748
Siaya,April,2020,43884,72186
Siaya,May,2020,50299,83985
Siaya,June,2020,48177,93226
Siaya,July,2020,36410,78791
Siaya,August,2020,30108,59060
Siaya,September,2020,39718,68080
Siaya,October,2020,40016,74339
Siaya,November,2020,47228,82918
Siaya,December,2020,22042,41540
Taita Taveta,January,2020,355,175
Taita Taveta,February,2020,247,108
Taita Taveta,March,2020,175,68
Taita Taveta,April,2020,107,70
Taita Taveta,May,2020,117,64
Taita Taveta,June,2020,92,122
Taita Taveta,July,2020,108,120
Taita Taveta,August,2020,123,35
Taita Taveta,September,2020,106,57
Taita Taveta,October,2020,93,46
Taita Taveta,November,2020,104,569
Taita Taveta,December,2020,82,525
Tana River,January,2020,969,1008
Tana River,February,2020,893,817
Tana River,March,2020,1476,1285
Tana River,April,2020,404,582
Tana River,May,2020,416,644
Tana River,June,2020,593,832
Tana River,July,2020,479,903
Tana River,August,2020,558,1023
Tana River,September,2020,237,513
Tana River,October,2020,562,1275
Tana River,November,2020,337,1537
Tana River,December,2020,209,564
Tharaka Nithi,January,2020,694,1862
Tharaka Nithi,February,2020,651,1275
Tharaka Nithi,March,2020,498,1493
Tharaka Nithi,April,2020,164,714
Tharaka Nithi,May,2020,187,708
Tharaka Nithi,June,2020,219,739
Tharaka Nithi,July,2020,209,648
Tharaka Nithi,August,2020,125,667
Tharaka Nithi,September,2020,126,529
Tharaka Nithi,October,2020,101,857
Tharaka Nithi,November,2020,240,1128
Tharaka Nithi,December,2020,178,858
Trans Nzoia,January,2020,8812,4652
Trans Nzoia,February,2020,9081,5650
Trans Nzoia,March,2020,7498,2964
Trans Nzoia,April,2020,4926,2179
Trans Nzoia,May,2020,5155,2422
Trans Nzoia,June,2020,4907,2286
Trans Nzoia,July,2020,5045,2121
Trans Nzoia,August,2020,8456,2233
Trans Nzoia,September,2020,4859,2213
Trans Nzoia,October,2020,6000,2821
Trans Nzoia,November,2020,6053,3784
Trans Nzoia,December,2020,4645,3361
Turkana,January,2020,37215,15068
Turkana,February,2020,30873,6980
Turkana,March,2020,14516,3817
Turkana,April,2020,11797,3673
Turkana,May,2020,18987,5009
Turkana,June,2020,14784,5927
Turkana,July,2020,30217,9938
Turkana,August,2020,55183,10287
Turkana,September,2020,54221,7357
Turkana,October,2020,35005,6034
Turkana,November,2020,44301,18928
Turkana,December,2020,31132,16118
Uasin Gishu,January,2020,2759,3615
Uasin Gishu,February,2020,2515,4179
Uasin Gishu,March,2020,1899,4175
Uasin Gishu,April,2020,1225,2106
Uasin Gishu,May,2020,1100,2015
Uasin Gishu,June,2020,1484,2839
Uasin Gishu,July,2020,1077,1442
Uasin Gishu,August,2020,1177,1321
Uasin Gishu,September,2020,1161,1742
Uasin Gishu,October,2020,1349,2156
Uasin Gishu,November,2020,1027,4911
Uasin Gishu,December,2020,915,2685
Vihiga,January,2020,12839,35776
Vihiga,February,2020,11649,29719
Vihiga,March,2020,15430,39888
Vihiga,April,2020,9049,20651
Vihiga,May,2020,13666,30704
Vihiga,June,2020,19334,40824
Vihiga,July,2020,14567,33659
Vihiga,August,2020,7810,21137
Vihiga,September,2020,9406,27135
Vihiga,October,2020,9037,28005
Vihiga,November,2020,8716,25490
Vihiga,December,2020,3818,10794
Wajir,January,2020,45,237
Wajir,February,2020,19,54
Wajir,March,2020,28,49
Wajir,April,2020,38,43
Wajir,May,2020,60,57
Wajir,June,2020,55,92
Wajir,July,2020,72,100
Wajir,August,2020,114,157
Wajir,September,2020,56,102
Wajir,October,2020,64,112
Wajir,November,2020,32,651
Wajir,December,2020,104,334
West Pokot,January,2020,6574,10104
West Pokot,February,2020,5021,8579
West Pokot,March,2020,4674,8177
West Pokot,April,2020,4306,5574
West Pokot,May,2020,5172,3494
West Pokot,June,2020,7882,4061
West Pokot,July,2020,9742,6321
West Pokot,August,2020,9447,5763
West Pokot,September,2020,15343,6385
West Pokot,October,2020,10451,8516
West Pokot,November,2020,8850,10185
West Pokot,December,2020,5744,5401
Kenya,January,2021,190924,406922
Kenya,February,2021,269370,598777
Kenya,March,2021,384284,908731.3
Kenya,April,2021,314563,679678
Kenya,May,2021,427549.9,891067
Kenya,June,2021,522025,1050512.3
Kenya,July,2021,434561,894683
Kenya,August,2021,434483,1015440
Kenya,September,2021,375119,1002344
Kenya,October,2021,286805,793303
Kenya,November,2021,299250,849475
Kenya,December,2021,332064,942487
Baringo,January,2021,1999,2879
Baringo,February,2021,3213,4492
Baringo,March,2021,3098,6239
Baringo,April,2021,2010,4472
Baringo,May,2021,2240,5803
Baringo,June,2021,3073,6347
Baringo,July,2021,3412,6894
Baringo,August,2021,4830,11066
Baringo,September,2021,5356,12464
Baringo,October,2021,3575,9592
Baringo,November,2021,3777,7417
Baringo,December,2021,3696,6821
Bomet,January,2021,191,1405
Bomet,February,2021,254,1850
Bomet,March,2021,293,2307
Bomet,April,2021,216,1757
Bomet,May,2021,253,1181
Bomet,June,2021,153,1736
Bomet,July,2021,202,731
Bomet,August,2021,236,1790
Bomet,September,2021,187,1113
Bomet,October,2021,105,1130
Bomet,November,2021,91,1326
Bomet,December,2021,134,1846
Bungoma,January,2021,20606,60234
Bungoma,February,2021,32959,99353
Bungoma,March,2021,34511,101751.3
Bungoma,April,2021,33912,83784
Bungoma,May,2021,48557,109659
Bungoma,June,2021,64205,134951
Bungoma,July,2021,43083,102215
Bungoma,August,2021,43368,128058
Bungoma,September,2021,41521,130680
Bungoma,October,2021,22840,85943
Bungoma,November,2021,20397,81499
Bungoma,December,2021,24748,98287
Busia,January,2021,11676,26906
Busia,February,2021,14909,36177
Busia,March,2021,42807,91127
Busia,April,2021,33131,64672
Busia,May,2021,46112,89734
Busia,June,2021,59720,108928
Busia,July,2021,41797,80780
Busia,August,2021,34681,81518
Busia,September,2021,36522,100303
Busia,October,2021,24522,74256
Busia,November,2021,27974,82328
Busia,December,2021,26943,76622
Elgeyo Marakwet,January,2021,861,2382
Elgeyo Marakwet,February,2021,933,1723
Elgeyo Marakwet,March,2021,1123,1428
Elgeyo Marakwet,April,2021,789,1797
Elgeyo Marakwet,May,2021,1011,1812
Elgeyo Marakwet,June,2021,1236,1862
Elgeyo Marakwet,July,2021,962,1702
Elgeyo Marakwet,August,2021,1450,2125
Elgeyo Marakwet,September,2021,1091,1638
Elgeyo Marakwet,October,2021,778,936
Elgeyo Marakwet,November,2021,782,717
Elgeyo Marakwet,December,2021,1119,900
Embu,January,2021,46,509
Embu,February,2021,61,793
Embu,March,2021,130,907
Embu,April,2021,75,650
Embu,May,2021,140,1295
Embu,June,2021,49,1669
Embu,July,2021,57,656
Embu,August,2021,75,1496
Embu,September,2021,68,1221
Embu,October,2021,27,641
Embu,November,2021,32,1232
Embu,December,2021,50,1184
Garissa,January,2021,244,1462
Garissa,February,2021,391,2425
Garissa,March,2021,293,2146
Garissa,April,2021,505,2207
Garissa,May,2021,369,2865
Garissa,June,2021,534,3305
Garissa,July,2021,409,2577
Garissa,August,2021,535,2561
Garissa,September,2021,126,2254
Garissa,October,2021,441,2253
Garissa,November,2021,246,2027
Garissa,December,2021,335,1692
Homa Bay,January,2021,7203,13138
Homa Bay,February,2021,10711,29320
Homa Bay,March,2021,16695,38435
Homa Bay,April,2021,11165,25933
Homa Bay,May,2021,13462.9,32498
Homa Bay,June,2021,12889,29685
Homa Bay,July,2021,14159,33984
Homa Bay,August,2021,19650,47990
Homa Bay,September,2021,13290,38246
Homa Bay,October,2021,15111,47227
Homa Bay,November,2021,18840,51115
Homa Bay,December,2021,21986,57232
Isiolo,January,2021,290,503
Isiolo,February,2021,240,616
Isiolo,March,2021,337,593
Isiolo,April,2021,293,589
Isiolo,May,2021,334,574
Isiolo,June,2021,359,687
Isiolo,July,2021,239,525
Isiolo,August,2021,280,646
Isiolo,September,2021,295,757
Isiolo,October,2021,240,466
Isiolo,November,2021,308,607
Isiolo,December,2021,259,473
Kajiado,January,2021,616,2826
Kajiado,February,2021,419,2781
Kajiado,March,2021,532,3146
Kajiado,April,2021,447,1947
Kajiado,May,2021,433,2397
Kajiado,June,2021,596,2894.3
Kajiado,July,2021,775,3795
Kajiado,August,2021,485,4384
Kajiado,September,2021,280,3862
Kajiado,October,2021,464,2381
Kajiado,November,2021,291,2678
Kajiado,December,2021,340,4566
Kakamega,January,2021,22001,44606
Kakamega,February,2021,47698,100352
Kakamega,March,2021,68503,145122
Kakamega,April,2021,66059,120178
Kakamega,May,2021,87051,157675
Kakamega,June,2021,113827,202284
Kakamega,July,2021,83404,157432
Kakamega,August,2021,68752,158383
Kakamega,September,2021,63114,163528
Kakamega,October,2021,37842,102740
Kakamega,November,2021,36116,106080
Kakamega,December,2021,38712,105673
Kericho,January,2021,1015,4545
Kericho,February,2021,1614,5455
Kericho,March,2021,2187,9939
Kericho,April,2021,1737,11241
Kericho,May,2021,2374,10390
Kericho,June,2021,3448,10155
Kericho,July,2021,2598,9963
Kericho,August,2021,2540,12174
Kericho,September,2021,2189,13983
Kericho,October,2021,1564,9668
Kericho,November,2021,1920,8434
Kericho,December,2021,2430,13029
Kiambu,January,2021,472,1084
Kiambu,February,2021,309,1342
Kiambu,March,2021,449,2219
Kiambu,April,2021,314,1543
Kiambu,May,2021,311,2092
Kiambu,June,2021,407,2220
Kiambu,July,2021,438,2763
Kiambu,August,2021,379,3598
Kiambu,September,2021,362,3166
Kiambu,October,2021,354,2237
Kiambu,November,2021,302,2256
Kiambu,December,2021,332,3117
Kilifi,January,2021,7675,9942
Kilifi,February,2021,6476,10291
Kilifi,March,2021,10426,28538
Kilifi,April,2021,5581,17515
Kilifi,May,2021,7809,23189
Kilifi,June,2021,7137,25467
Kilifi,July,2021,8138,28507
Kilifi,August,2021,6342,24422
Kilifi,September,2021,6436,26827
Kilifi,October,2021,7197,28280
Kilifi,November,2021,8001,36013
Kilifi,December,2021,7285,37207
Kirinyaga,January,2021,47,138
Kirinyaga,February,2021,43,254
Kirinyaga,March,2021,13,610
Kirinyaga,April,2021,20,256
Kirinyaga,May,2021,56,376
Kirinyaga,June,2021,23,395
Kirinyaga,July,2021,21,411
Kirinyaga,August,2021,30,356
Kirinyaga,September,2021,33,836
Kirinyaga,October,2021,10,465
Kirinyaga,November,2021,16,384
Kirinyaga,December,2021,18,723
Kisii,January,2021,1835,12296
Kisii,February,2021,2475,19149
Kisii,March,2021,4523,31280
Kisii,April,2021,3362,22475
Kisii,May,2021,4855,31965
Kisii,June,2021,5164,35055
Kisii,July,2021,4302,30421
Kisii,August,2021,4276,35454
Kisii,September,2021,4585,34424
Kisii,October,2021,3582,27626
Kisii,November,2021,3817,28453
Kisii,December,2021,5255,38457
Kisumu,January,2021,22267,48446
Kisumu,February,2021,25493,60874
Kisumu,March,2021,35876,93516
Kisumu,April,2021,27125,65528
Kisumu,May,2021,37767,94611
Kisumu,June,2021,39845,105799
Kisumu,July,2021,31380,72437
Kisumu,August,2021,34703,89717
Kisumu,September,2021,33311,97928
Kisumu,October,2021,23419,75817
Kisumu,November,2021,24920,75757
Kisumu,December,2021,35795,89557
Kitui,January,2021,223,1640
Kitui,February,2021,356,2390
Kitui,March,2021,183,2668
Kitui,April,2021,218,4274
Kitui,May,2021,130,2131
Kitui,June,2021,130,2396
Kitui,July,2021,82,2562
Kitui,August,2021,231,3105
Kitui,September,2021,77,2791
Kitui,October,2021,337,3200
Kitui,November,2021,87,3323
Kitui,December,2021,51,4201
Kwale,January,2021,3083,1326
Kwale,February,2021,17349,11149
Kwale,March,2021,11614,11179
Kwale,April,2021,6768,6545
Kwale,May,2021,13442,14001
Kwale,June,2021,14018,11817
Kwale,July,2021,33297,20554
Kwale,August,2021,14833,27202
Kwale,September,2021,10828,25651
Kwale,October,2021,10011,21916
Kwale,November,2021,9453,26752
Kwale,December,2021,8857,27818
Laikipia,January,2021,116,692
Laikipia,February,2021,67,611
Laikipia,March,2021,69,641
Laikipia,April,2021,36,524
Laikipia,May,2021,56,682
Laikipia,June,2021,421,861
Laikipia,July,2021,55,695
Laikipia,August,2021,56,711
Laikipia,September,2021,107,686
Laikipia,October,2021,24,385
Laikipia,November,2021,39,280
Laikipia,December,2021,15,644
Lamu,January,2021,40,38
Lamu,February,2021,28,43
Lamu,March,2021,52,173
Lamu,April,2021,10,171
Lamu,May,2021,23,163
Lamu,June,2021,18,180
Lamu,July,2021,24,311
Lamu,August,2021,17,337
Lamu,September,2021,12,209
Lamu,October,2021,28,144
Lamu,November,2021,14,270
Lamu,December,2021,12,179
Machakos,January,2021,405,3270
Machakos,February,2021,277,3148
Machakos,March,2021,203,4440
Machakos,April,2021,161,2471
Machakos,May,2021,177,2353
Machakos,June,2021,206,3365
Machakos,July,2021,233,3945
Machakos,August,2021,286,4502
Machakos,September,2021,98,4088
Machakos,October,2021,123,3297
Machakos,November,2021,241,4003
Machakos,December,2021,96,4318
Makueni,January,2021,156,993
Makueni,February,2021,162,1185
Makueni,March,2021,56,2063
Makueni,April,2021,54,996
Makueni,May,2021,99,1041
Makueni,June,2021,99,1724
Makueni,July,2021,36,1426
Makueni,August,2021,79,1650
Makueni,September,2021,152,2000
Makueni,October,2021,69,1695
Makueni,November,2021,88,1439
Makueni,December,2021,56,1885
Mandera,January,2021,43,2242
Mandera,February,2021,40,1274
Mandera,March,2021,60,1948
Mandera,April,2021,33,1217
Mandera,May,2021,55,1073
Mandera,June,2021,157,1485
Mandera,July,2021,91,1376
Mandera,August,2021,50,1055
Mandera,September,2021,28,864
Mandera,October,2021,48,1121
Mandera,November,2021,69,992
Mandera,December,2021,12,925
Marsabit,January,2021,198,940
Marsabit,February,2021,149,1058
Marsabit,March,2021,100,1380
Marsabit,April,2021,131,1226
Marsabit,May,2021,152,1104
Marsabit,June,2021,131,1197
Marsabit,July,2021,154,970
Marsabit,August,2021,160,957
Marsabit,September,2021,151,1339
Marsabit,October,2021,64,896
Marsabit,November,2021,146,887
Marsabit,December,2021,128,1092
Meru,January,2021,263,1506
Meru,February,2021,541,1959
Meru,March,2021,459,1824
Meru,April,2021,356,1559
Meru,May,2021,365,1474
Meru,June,2021,261,1567
Meru,July,2021,350,1579
Meru,August,2021,478,2114
Meru,September,2021,263,2318
Meru,October,2021,291,2093
Meru,November,2021,296,1416
Meru,December,2021,374,7000
Migori,January,2021,12863,30507
Migori,February,2021,18214,42191
Migori,March,2021,42702,89451
Migori,April,2021,28771,57298
Migori,May,2021,26221,61592
Migori,June,2021,37751,78801
Migori,July,2021,35261,72871
Migori,August,2021,29224,71017
Migori,September,2021,25232,66796
Migori,October,2021,27985,64855
Migori,November,2021,38078,82838
Migori,December,2021,46330,95595
Mombasa,January,2021,2449,9929
Mombasa,February,2021,2512,12354
Mombasa,March,2021,1978,10117
Mombasa,April,2021,1431,10325
Mombasa,May,2021,1675,7243
Mombasa,June,2021,1844,10366
Mombasa,July,2021,1934,15436
Mombasa,August,2021,1824,10928
Mombasa,September,2021,1518,8323
Mombasa,October,2021,1865,14130
Mombasa,November,2021,1829,14915
Mombasa,December,2021,1515,15049
Muranga,January,2021,19,80
Muranga,February,2021,24,73
Muranga,March,2021,39,89
Muranga,April,2021,19,62
Muranga,May,2021,18,60
Muranga,June,2021,36,62
Muranga,July,2021,32,50
Muranga,August,2021,16,46
Muranga,September,2021,24,116
Muranga,October,2021,12,57
Muranga,November,2021,21,42
Muranga,December,2021,26,108
Nairobi,January,2021,4071,6715
Nairobi,February,2021,2658,8466
Nairobi,March,2021,3109,10935
Nairobi,April,2021,1912,6792
Nairobi,May,2021,2511,7364
Nairobi,June,2021,3003,8883
Nairobi,July,2021,3351,12774
Nairobi,August,2021,2546,13293
Nairobi,September,2021,2167,13149
Nairobi,October,2021,2227,11435
Nairobi,November,2021,1790,10523
Nairobi,December,2021,2144,14551
Nakuru,January,2021,1722,6344
Nakuru,February,2021,1402,6720
Nakuru,March,2021,1384,7892
Nakuru,April,2021,968,4821
Nakuru,May,2021,1176,5529
Nakuru,June,2021,1493,5872
Nakuru,July,2021,1482,8546
Nakuru,August,2021,1584,11230
Nakuru,September,2021,1556,9169
Nakuru,October,2021,1221,6349
Nakuru,November,2021,1397,7649
Nakuru,December,2021,1395,11048
Nandi,January,2021,1284,3077
Nandi,February,2021,2979,6502
Nandi,March,2021,3687,10004
Nandi,April,2021,3124,6883
Nandi,May,2021,4895,12344
Nandi,June,2021,6554,15431
Nandi,July,2021,5538,35325
Nandi,August,2021,4855,21913
Nandi,September,2021,4028,14826
Nandi,October,2021,2793,11071
Nandi,November,2021,2539,11503
Nandi,December,2021,2472,10150
Narok,January,2021,1504,6508
Narok,February,2021,1729,7172
Narok,March,2021,1489,5909
Narok,April,2021,1552,3992
Narok,May,2021,1682,7931
Narok,June,2021,1330,6497
Narok,July,2021,1823,4895
Narok,August,2021,1313,7596
Narok,September,2021,952,5524
Narok,October,2021,734,5120
Narok,November,2021,822,5794
Narok,December,2021,761,5733
Nyamira,January,2021,802,2625
Nyamira,February,2021,951,2766
Nyamira,March,2021,1372,5140
Nyamira,April,2021,2265,4734
Nyamira,May,2021,1791,5094
Nyamira,June,2021,1996,5743
Nyamira,July,2021,2065,5073
Nyamira,August,2021,1775,5919
Nyamira,September,2021,1443,5898
Nyamira,October,2021,1411,4050
Nyamira,November,2021,1741,4261
Nyamira,December,2021,1981,7608
Nyandarua,January,2021,34,74
Nyandarua,February,2021,18,71
Nyandarua,March,2021,22,104
Nyandarua,April,2021,40,137
Nyandarua,May,2021,19,115
Nyandarua,June,2021,32,155
Nyandarua,July,2021,44,171
Nyandarua,August,2021,31,259
Nyandarua,September,2021,44,212
Nyandarua,October,2021,29,154
Nyandarua,November,2021,27,116
Nyandarua,December,2021,21,270
Nyeri,January,2021,61,98
Nyeri,February,2021,24,41
Nyeri,March,2021,31,52
Nyeri,April,2021,42,54
Nyeri,May,2021,47,90
Nyeri,June,2021,36,80
Nyeri,July,2021,27,34
Nyeri,August,2021,27,65
Nyeri,September,2021,31,34
Nyeri,October,2021,16,37
Nyeri,November,2021,12,60
Nyeri,December,2021,32,53
Samburu,January,2021,541,608
Samburu,February,2021,549,484
Samburu,March,2021,667,526
Samburu,April,2021,454,535
Samburu,May,2021,552,393
Samburu,June,2021,638,1579
Samburu,July,2021,471,1124
Samburu,August,2021,567,1233
Samburu,September,2021,548,1553
Samburu,October,2021,420,975
Samburu,November,2021,433,905
Samburu,December,2021,426,1190
Siaya,January,2021,29411,53368
Siaya,February,2021,39922,75065
Siaya,March,2021,50099,102720
Siaya,April,2021,40572,75400
Siaya,May,2021,61525,110662
Siaya,June,2021,59051,116132
Siaya,July,2021,33057,75809
Siaya,August,2021,43509,91751
Siaya,September,2021,41852,93270
Siaya,October,2021,38164,89330
Siaya,November,2021,45806,102851
Siaya,December,2021,53989,107733
Taita Taveta,January,2021,71,482
Taita Taveta,February,2021,97,185
Taita Taveta,March,2021,139,619
Taita Taveta,April,2021,125,708
Taita Taveta,May,2021,158,353
Taita Taveta,June,2021,91,1448
Taita Taveta,July,2021,127,1401
Taita Taveta,August,2021,160,5077
Taita Taveta,September,2021,151,2456
Taita Taveta,October,2021,149,2133
Taita Taveta,November,2021,115,2280
Taita Taveta,December,2021,182,1608
Tana River,January,2021,723,1179
Tana River,February,2021,686,1465
Tana River,March,2021,508,1625
Tana River,April,2021,360,883
Tana River,May,2021,440,1052
Tana River,June,2021,460,1044
Tana River,July,2021,450,2273
Tana River,August,2021,469,2179
Tana River,September,2021,339,913
Tana River,October,2021,345,957
Tana River,November,2021,356,1517
Tana River,December,2021,426,1384
Tharaka Nithi,January,2021,390,1119
Tharaka Nithi,February,2021,378,1266
Tharaka Nithi,March,2021,318,1886
Tharaka Nithi,April,2021,134,1366
Tharaka Nithi,May,2021,238,1231
Tharaka Nithi,June,2021,124,1705
Tharaka Nithi,July,2021,217,2011
Tharaka Nithi,August,2021,159,3078
Tharaka Nithi,September,2021,202,3622
Tharaka Nithi,October,2021,97,2588
Tharaka Nithi,November,2021,113,2731
Tharaka Nithi,December,2021,138,3237
Trans Nzoia,January,2021,4278,2771
Trans Nzoia,February,2021,4759,4358
Trans Nzoia,March,2021,7359,6471
Trans Nzoia,April,2021,6034,5356
Trans Nzoia,May,2021,7842,5024
Trans Nzoia,June,2021,8866,5405
Trans Nzoia,July,2021,8555,5993
Trans Nzoia,August,2021,10673,9013
Trans Nzoia,September,2021,8145,8889
Trans Nzoia,October,2021,5511,4771
Trans Nzoia,November,2021,6057,5673
Trans Nzoia,December,2021,7133,6536
Turkana,January,2021,18273,15844
Turkana,February,2021,14474,5800
Turkana,March,2021,11701,7321
Turkana,April,2021,9160,6984
Turkana,May,2021,16752,9830
Turkana,June,2021,28993,16777
Turkana,July,2021,32231,21767
Turkana,August,2021,63955,35152
Turkana,September,2021,37237,18489
Turkana,October,2021,32752,22023
Turkana,November,2021,22284,14791
Turkana,December,2021,13515,13005
Uasin Gishu,January,2021,1366,4752
Uasin Gishu,February,2021,1530,3455
Uasin Gishu,March,2021,1911,6892
Uasin Gishu,April,2021,1922,4684
Uasin Gishu,May,2021,2714,6412
Uasin Gishu,June,2021,3218,6928
Uasin Gishu,July,2021,2844,7160
Uasin Gishu,August,2021,3135,8669
Uasin Gishu,September,2021,1753,5926
Uasin Gishu,October,2021,1349,4144
Uasin Gishu,November,2021,1330,3896
Uasin Gishu,December,2021,2283,6318
Vihiga,January,2021,3345,8143
Vihiga,February,2021,5703,14686
Vihiga,March,2021,17845,50781
Vihiga,April,2021,16412,37804
Vihiga,May,2021,23317,52467
Vihiga,June,2021,30132,64623
Vihiga,July,2021,21203,46779
Vihiga,August,2021,18143,60466
Vihiga,September,2021,14564,64753
Vihiga,October,2021,7706,35764
Vihiga,November,2021,8263,42720
Vihiga,December,2021,9552,48924
Wajir,January,2021,58,176
Wajir,February,2021,31,76
Wajir,March,2021,84,369
Wajir,April,2021,12,211
Wajir,May,2021,29,406
Wajir,June,2021,43,542
Wajir,July,2021,65,409
Wajir,August,2021,45,488
Wajir,September,2021,139,418
Wajir,October,2021,56,312
Wajir,November,2021,33,638
Wajir,December,2021,14,563
West Pokot,January,2021,4088,6575
West Pokot,February,2021,3563,5517
West Pokot,March,2021,3248,4209
West Pokot,April,2021,4746,5122
West Pokot,May,2021,6314,3737
West Pokot,June,2021,8228,4408
West Pokot,July,2021,14086,5571
West Pokot,August,2021,11671,8697
West Pokot,September,2021,12712,4832
West Pokot,October,2021,8897,6643
West Pokot,November,2021,7941,6087
West Pokot,December,2021,8691,6376
Kenya,January,2022,362006,908422
Kenya,February,2022,276939,715232
Kenya,March,2022,291683,706713
Kenya,April,2022,265805,613194
Kenya,May,2022,388854,923633
Kenya,June,2022,507606,1287636
Kenya,July,2022,424649,1057440
Kenya,August,2022,331091,790379
Kenya,September,2022,318663,774579
Kenya,October,2022,325752,892873
Kenya,November,2022,309274,855440
Kenya,December,2022,278326,723311
Baringo,January,2022,2638,7952
Baringo,February,2022,2564,5777
Baringo,March,2022,2132,5210
Baringo,April,2022,1743,5403
Baringo,May,2022,2425,7719
Baringo,June,2022,3353,9512
Baringo,July,2022,2599,6647
Baringo,August,2022,2812,5683
Baringo,September,2022,3049,7423
Baringo,October,2022,4435,9072
Baringo,November,2022,2653,7574
Baringo,December,2022,2314,7063
Bomet,January,2022,113,1306
Bomet,February,2022,118,1519
Bomet,March,2022,163,1242
Bomet,April,2022,211,925
Bomet,May,2022,176,1241
Bomet,June,2022,148,1499
Bomet,July,2022,103,1305
Bomet,August,2022,116,1142
Bomet,September,2022,70,1200
Bomet,October,2022,55,1311
Bomet,November,2022,52,1070
Bomet,December,2022,72,1200
Bungoma,January,2022,24834,94033
Bungoma,February,2022,20008,76806
Bungoma,March,2022,21849,73737
Bungoma,April,2022,20942,63047
Bungoma,May,2022,30791,96254
Bungoma,June,2022,45956,153760
Bungoma,July,2022,29457,111412
Bungoma,August,2022,20362,72687
Bungoma,September,2022,18071,70111
Bungoma,October,2022,17708,79125
Bungoma,November,2022,18299,75161
Bungoma,December,2022,15152,60923
Busia,January,2022,29984,77392
Busia,February,2022,22819,61755
Busia,March,2022,26630,63279
Busia,April,2022,26699,54957
Busia,May,2022,41037,81762
Busia,June,2022,49573,103952
Busia,July,2022,38381,82227
Busia,August,2022,24971,59999
Busia,September,2022,19712,55439
Busia,October,2022,20326,60626
Busia,November,2022,22102,64153
Busia,December,2022,19599,53387
Elgeyo Marakwet,January,2022,799,1004
Elgeyo Marakwet,February,2022,837,728
Elgeyo Marakwet,March,2022,584,670
Elgeyo Marakwet,April,2022,369,380
Elgeyo Marakwet,May,2022,597,638
Elgeyo Marakwet,June,2022,1210,1878
Elgeyo Marakwet,July,2022,735,1031
Elgeyo Marakwet,August,2022,481,866
Elgeyo Marakwet,September,2022,521,1212
Elgeyo Marakwet,October,2022,584,1077
Elgeyo Marakwet,November,2022,526,1055
Elgeyo Marakwet,December,2022,479,1077
Embu,January,2022,35,744
Embu,February,2022,30,647
Embu,March,2022,51,568
Embu,April,2022,33,555
Embu,May,2022,27,591
Embu,June,2022,63,1075
Embu,July,2022,38,1059
Embu,August,2022,24,1476
Embu,September,2022,21,1480
Embu,October,2022,50,1537
Embu,November,2022,20,1400
Embu,December,2022,12,1433
Garissa,January,2022,423,1716
Garissa,February,2022,229,1777
Garissa,March,2022,155,1641
Garissa,April,2022,62,1810
Garissa,May,2022,89,1293
Garissa,June,2022,109,1407
Garissa,July,2022,186,1293
Garissa,August,2022,248,941
Garissa,September,2022,260,1846
Garissa,October,2022,191,2421
Garissa,November,2022,137,1942
Garissa,December,2022,192,1332
Homa Bay,January,2022,28340,63233
Homa Bay,February,2022,20031,45110
Homa Bay,March,2022,24967,51631
Homa Bay,April,2022,22753,44551
Homa Bay,May,2022,21846,46203
Homa Bay,June,2022,32513,78421
Homa Bay,July,2022,34907,83705
Homa Bay,August,2022,24071,54157
Homa Bay,September,2022,23841,54332
Homa Bay,October,2022,34181,79587
Homa Bay,November,2022,38923,82879
Homa Bay,December,2022,37387,72660
Isiolo,January,2022,419,650
Isiolo,February,2022,360,538
Isiolo,March,2022,215,1037
Isiolo,April,2022,226,503
Isiolo,May,2022,349,857
Isiolo,June,2022,392,980
Isiolo,July,2022,1247,1387
Isiolo,August,2022,96,535
Isiolo,September,2022,102,604
Isiolo,October,2022,111,446
Isiolo,November,2022,135,760
Isiolo,December,2022,211,864
Kajiado,January,2022,401,2863
Kajiado,February,2022,302,2210
Kajiado,March,2022,558,2395
Kajiado,April,2022,447,2000
Kajiado,May,2022,486,3075
Kajiado,June,2022,346,5067
Kajiado,July,2022,263,2949
Kajiado,August,2022,198,2172
Kajiado,September,2022,485,2408
Kajiado,October,2022,394,2951
Kajiado,November,2022,230,2572
Kajiado,December,2022,196,1539
Kakamega,January,2022,35845,97620
Kakamega,February,2022,29398,80797
Kakamega,March,2022,34706,85978
Kakamega,April,2022,37588,81637
Kakamega,May,2022,62617,142646
Kakamega,June,2022,76381,191124
Kakamega,July,2022,54715,137629
Kakamega,August,2022,40868,102526
Kakamega,September,2022,35822,101026
Kakamega,October,2022,35412,108020
Kakamega,November,2022,32880,104967
Kakamega,December,2022,26082,75123
Kericho,January,2022,3241,11685
Kericho,February,2022,2632,11358
Kericho,March,2022,2175,10005
Kericho,April,2022,1723,8095
Kericho,May,2022,2955,12291
Kericho,June,2022,3767,16430
Kericho,July,2022,2646,12108
Kericho,August,2022,2161,10533
Kericho,September,2022,1772,10263
Kericho,October,2022,2248,10571
Kericho,November,2022,2471,11289
Kericho,December,2022,1738,7194
Kiambu,January,2022,434,2355
Kiambu,February,2022,306,2116
Kiambu,March,2022,315,1776
Kiambu,April,2022,361,1857
Kiambu,May,2022,506,3025
Kiambu,June,2022,461,2966
Kiambu,July,2022,347,2435
Kiambu,August,2022,266,2134
Kiambu,September,2022,319,2304
Kiambu,October,2022,215,2374
Kiambu,November,2022,246,2379
Kiambu,December,2022,300,2480
Kilifi,January,2022,8391,34430
Kilifi,February,2022,5248,23041
Kilifi,March,2022,3034,17296
Kilifi,April,2022,2345,13872
Kilifi,May,2022,4872,20849
Kilifi,June,2022,6372,30221
Kilifi,July,2022,6137,27673
Kilifi,August,2022,5060,26451
Kilifi,September,2022,5053,22063
Kilifi,October,2022,4535,22513
Kilifi,November,2022,3884,24426
Kilifi,December,2022,5429,22296
Kirinyaga,January,2022,28,490
Kirinyaga,February,2022,14,581
Kirinyaga,March,2022,15,210
Kirinyaga,April,2022,14,325
Kirinyaga,May,2022,7,405
Kirinyaga,June,2022,73,1275
Kirinyaga,July,2022,16,497
Kirinyaga,August,2022,20,387
Kirinyaga,September,2022,77,311
Kirinyaga,October,2022,24,303
Kirinyaga,November,2022,26,363
Kirinyaga,December,2022,25,670
Kisii,January,2022,4613,29911
Kisii,February,2022,4749,22223
Kisii,March,2022,4042,23793
Kisii,April,2022,4434,22978
Kisii,May,2022,5144,33258
Kisii,June,2022,7215,44587
Kisii,July,2022,4361,29181
Kisii,August,2022,3350,22224
Kisii,September,2022,3249,26051
Kisii,October,2022,4471,32543
Kisii,November,2022,4284,28733
Kisii,December,2022,3944,24666
Kisumu,January,2022,36118,87555
Kisumu,February,2022,27177,69469
Kisumu,March,2022,26993,66710
Kisumu,April,2022,22618,55284
Kisumu,May,2022,36694,86459
Kisumu,June,2022,49124,117061
Kisumu,July,2022,38450,99665
Kisumu,August,2022,25156,64806
Kisumu,September,2022,25776,66483
Kisumu,October,2022,31790,82775
Kisumu,November,2022,29067,78979
Kisumu,December,2022,24384,62246
Kitui,January,2022,121,3605
Kitui,February,2022,80,2711
Kitui,March,2022,74,2169
Kitui,April,2022,28,1416
Kitui,May,2022,25,1909
Kitui,June,2022,28,2467
Kitui,July,2022,31,1848
Kitui,August,2022,50,1639
Kitui,September,2022,28,1787
Kitui,October,2022,39,1789
Kitui,November,2022,26,1648
Kitui,December,2022,51,2180
Kwale,January,2022,13972,28204
Kwale,February,2022,4302,8904
Kwale,March,2022,4569,13374
Kwale,April,2022,2924,10002
Kwale,May,2022,5959,19652
Kwale,June,2022,6958,24009
Kwale,July,2022,6797,23935
Kwale,August,2022,7495,22228
Kwale,September,2022,8709,19577
Kwale,October,2022,6950,20574
Kwale,November,2022,6960,19687
Kwale,December,2022,7402,20137
Laikipia,January,2022,37,370
Laikipia,February,2022,43,428
Laikipia,March,2022,60,671
Laikipia,April,2022,42,48
Laikipia,May,2022,52,737
Laikipia,June,2022,67,418
Laikipia,July,2022,90,396
Laikipia,August,2022,72,456
Laikipia,September,2022,81,514
Laikipia,October,2022,53,574
Laikipia,November,2022,22,446
Laikipia,December,2022,53,228
Lamu,January,2022,16,562
Lamu,February,2022,8,763
Lamu,March,2022,26,203
Lamu,April,2022,13,326
Lamu,May,2022,24,252
Lamu,June,2022,14,152
Lamu,July,2022,7,177
Lamu,August,2022,29,328
Lamu,September,2022,14,138
Lamu,October,2022,7,146
Lamu,November,2022,4,186
Lamu,December,2022,20,211
Machakos,January,2022,161,3543
Machakos,February,2022,90,2798
Machakos,March,2022,117,2732
Machakos,April,2022,171,2418
Machakos,May,2022,195,2646
Machakos,June,2022,132,5115
Machakos,July,2022,132,3057
Machakos,August,2022,137,2645
Machakos,September,2022,103,2522
Machakos,October,2022,171,3224
Machakos,November,2022,114,3403
Machakos,December,2022,266,2881
Makueni,January,2022,85,1367
Makueni,February,2022,56,1462
Makueni,March,2022,72,1249
Makueni,April,2022,70,1007
Makueni,May,2022,114,1661
Makueni,June,2022,86,1815
Makueni,July,2022,59,1280
Makueni,August,2022,58,1716
Makueni,September,2022,31,1129
Makueni,October,2022,45,1185
Makueni,November,2022,50,1157
Makueni,December,2022,33,1121
Mandera,January,2022,15,2152
Mandera,February,2022,5,1392
Mandera,March,2022,14,1873
Mandera,April,2022,58,1686
Mandera,May,2022,21,1729
Mandera,June,2022,92,1747
Mandera,July,2022,109,1850
Mandera,August,2022,144,1947
Mandera,September,2022,108,1685
Mandera,October,2022,126,1927
Mandera,November,2022,210,1687
Mandera,December,2022,153,1414
Marsabit,January,2022,209,888
Marsabit,February,2022,105,750
Marsabit,March,2022,80,785
Marsabit,April,2022,34,733
Marsabit,May,2022,145,1033
Marsabit,June,2022,69,815
Marsabit,July,2022,97,714
Marsabit,August,2022,139,1147
Marsabit,September,2022,103,764
Marsabit,October,2022,94,681
Marsabit,November,2022,94,1832
Marsabit,December,2022,155,1033
Meru,January,2022,627,2459
Meru,February,2022,626,1574
Meru,March,2022,417,1322
Meru,April,2022,290,1376
Meru,May,2022,351,1680
Meru,June,2022,365,1633
Meru,July,2022,410,2091
Meru,August,2022,242,1460
Meru,September,2022,300,1420
Meru,October,2022,338,1703
Meru,November,2022,371,1691
Meru,December,2022,163,1528
Migori,January,2022,60091,105362
Migori,February,2022,52416,88174
Migori,March,2022,54054,86765
Migori,April,2022,41969,69772
Migori,May,2022,46446,83239
Migori,June,2022,60951,112260
Migori,July,2022,59311,112045
Migori,August,2022,46765,83901
Migori,September,2022,40949,78426
Migori,October,2022,47195,89310
Migori,November,2022,51401,92177
Migori,December,2022,49702,84581
Mombasa,January,2022,2037,13482
Mombasa,February,2022,1098,11350
Mombasa,March,2022,1091,10260
Mombasa,April,2022,906,12834
Mombasa,May,2022,1385,16591
Mombasa,June,2022,1427,27192
Mombasa,July,2022,1098,24946
Mombasa,August,2022,855,17401
Mombasa,September,2022,799,18210
Mombasa,October,2022,1161,23011
Mombasa,November,2022,780,19113
Mombasa,December,2022,1214,27801
Muranga,January,2022,15,64
Muranga,February,2022,16,69
Muranga,March,2022,13,58
Muranga,April,2022,45,29
Muranga,May,2022,36,81
Muranga,June,2022,40,189
Muranga,July,2022,24,137
Muranga,August,2022,16,75
Muranga,September,2022,9,56
Muranga,October,2022,5,117
Muranga,November,2022,26,76
Muranga,December,2022,8,72
Nairobi,January,2022,3973,12007
Nairobi,February,2022,2412,17541
Nairobi,March,2022,2829,12508
Nairobi,April,2022,3150,11004
Nairobi,May,2022,3542,16497
Nairobi,June,2022,3113,19686
Nairobi,July,2022,2469,11581
Nairobi,August,2022,2264,9643
Nairobi,September,2022,2396,12589
Nairobi,October,2022,2354,13473
Nairobi,November,2022,2194,11856
Nairobi,December,2022,2249,11800
Nakuru,January,2022,1337,7353
Nakuru,February,2022,878,6981
Nakuru,March,2022,1283,6257
Nakuru,April,2022,1096,5075
Nakuru,May,2022,1376,7109
Nakuru,June,2022,2160,11089
Nakuru,July,2022,1128,8111
Nakuru,August,2022,849,7345
Nakuru,September,2022,1026,7891
Nakuru,October,2022,1173,7757
Nakuru,November,2022,941,7473
Nakuru,December,2022,832,6441
Nandi,January,2022,3305,12711
Nandi,February,2022,1932,7772
Nandi,March,2022,2524,9208
Nandi,April,2022,1938,7173
Nandi,May,2022,4161,12787
Nandi,June,2022,5102,21939
Nandi,July,2022,3870,12968
Nandi,August,2022,2563,9775
Nandi,September,2022,2166,8991
Nandi,October,2022,2052,8351
Nandi,November,2022,2394,8682
Nandi,December,2022,2751,8062
Narok,January,2022,1610,6379
Narok,February,2022,774,3907
Narok,March,2022,854,4486
Narok,April,2022,1070,4194
Narok,May,2022,810,3030
Narok,June,2022,920,5060
Narok,July,2022,1009,5246
Narok,August,2022,616,4216
Narok,September,2022,604,4275
Narok,October,2022,583,4330
Narok,November,2022,603,4633
Narok,December,2022,619,3339
Nyamira,January,2022,2080,5841
Nyamira,February,2022,1723,3975
Nyamira,March,2022,1850,3885
Nyamira,April,2022,1811,4288
Nyamira,May,2022,1699,5007
Nyamira,June,2022,1912,9100
Nyamira,July,2022,1366,5149
Nyamira,August,2022,1347,4608
Nyamira,September,2022,1062,4696
Nyamira,October,2022,1118,5003
Nyamira,November,2022,1248,5025
Nyamira,December,2022,1320,4997
Nyandarua,January,2022,27,163
Nyandarua,February,2022,14,160
Nyandarua,March,2022,24,107
Nyandarua,April,2022,21,71
Nyandarua,May,2022,38,74
Nyandarua,June,2022,19,141
Nyandarua,July,2022,23,95
Nyandarua,August,2022,20,94
Nyandarua,September,2022,19,42
Nyandarua,October,2022,15,63
Nyandarua,November,2022,11,61
Nyandarua,December,2022,11,359
Nyeri,January,2022,52,54
Nyeri,February,2022,23,74
Nyeri,March,2022,23,52
Nyeri,April,2022,40,64
Nyeri,May,2022,33,46
Nyeri,June,2022,35,159
Nyeri,July,2022,40,113
Nyeri,August,2022,27,90
Nyeri,September,2022,42,143
Nyeri,October,2022,17,153
Nyeri,November,2022,12,86
Nyeri,December,2022,24,179
Samburu,January,2022,392,826
Samburu,February,2022,324,680
Samburu,March,2022,187,481
Samburu,April,2022,255,672
Samburu,May,2022,538,2432
Samburu,June,2022,650,2357
Samburu,July,2022,548,1939
Samburu,August,2022,406,2344
Samburu,September,2022,318,491
Samburu,October,2022,281,688
Samburu,November,2022,280,681
Samburu,December,2022,512,3089
Siaya,January,2022,58292,107759
Siaya,February,2022,44559,85545
Siaya,March,2022,43778,80899
Siaya,April,2022,39679,67964
Siaya,May,2022,60270,105500
Siaya,June,2022,82386,143033
Siaya,July,2022,68438,122863
Siaya,August,2022,49354,90630
Siaya,September,2022,40645,80799
Siaya,October,2022,48151,101018
Siaya,November,2022,48402,98302
Siaya,December,2022,40272,76114
Taita Taveta,January,2022,167,1930
Taita Taveta,February,2022,53,1566
Taita Taveta,March,2022,50,1293
Taita Taveta,April,2022,68,1093
Taita Taveta,May,2022,86,1079
Taita Taveta,June,2022,115,2321
Taita Taveta,July,2022,98,2086
Taita Taveta,August,2022,35,1503
Taita Taveta,September,2022,41,1441
Taita Taveta,October,2022,85,1992
Taita Taveta,November,2022,88,1956
Taita Taveta,December,2022,69,1122
Tana River,January,2022,452,993
Tana River,February,2022,629,1017
Tana River,March,2022,370,930
Tana River,April,2022,193,1070
Tana River,May,2022,331,565
Tana River,June,2022,223,1035
Tana River,July,2022,241,1250
Tana River,August,2022,300,840
Tana River,September,2022,230,651
Tana River,October,2022,427,1146
Tana River,November,2022,418,1069
Tana River,December,2022,403,871
Tharaka Nithi,January,2022,168,2932
Tharaka Nithi,February,2022,193,2018
Tharaka Nithi,March,2022,174,1494
Tharaka Nithi,April,2022,88,1306
Tharaka Nithi,May,2022,155,1884
Tharaka Nithi,June,2022,179,2390
Tharaka Nithi,July,2022,184,2169
Tharaka Nithi,August,2022,211,1723
Tharaka Nithi,September,2022,89,1899
Tharaka Nithi,October,2022,52,1969
Tharaka Nithi,November,2022,54,1375
Tharaka Nithi,December,2022,79,1349
Trans Nzoia,January,2022,5336,6331
Trans Nzoia,February,2022,4236,5570
Trans Nzoia,March,2022,4382,3820
Trans Nzoia,April,2022,3605,5120
Trans Nzoia,May,2022,6108,13786
Trans Nzoia,June,2022,7911,15541
Trans Nzoia,July,2022,5015,12565
Trans Nzoia,August,2022,3394,10588
Trans Nzoia,September,2022,3173,10556
Trans Nzoia,October,2022,3508,14402
Trans Nzoia,November,2022,4206,15699
Trans Nzoia,December,2022,3773,12629
Turkana,January,2022,11777,10748
Turkana,February,2022,10862,8887
Turkana,March,2022,9068,11258
Turkana,April,2022,6959,7936
Turkana,May,2022,16421,19110
Turkana,June,2022,19986,26926
Turkana,July,2022,30600,35201
Turkana,August,2022,43508,38107
Turkana,September,2022,58178,43455
Turkana,October,2022,35509,38337
Turkana,November,2022,16078,17819
Turkana,December,2022,15776,14498
Uasin Gishu,January,2022,1896,6084
Uasin Gishu,February,2022,1437,4081
Uasin Gishu,March,2022,1457,5434
Uasin Gishu,April,2022,1340,4150
Uasin Gishu,May,2022,1902,8138
Uasin Gishu,June,2022,2437,10800
Uasin Gishu,July,2022,1270,7273
Uasin Gishu,August,2022,1119,6079
Uasin Gishu,September,2022,1293,7328
Uasin Gishu,October,2022,1514,8774
Uasin Gishu,November,2022,1341,9135
Uasin Gishu,December,2022,1570,8209
Vihiga,January,2022,10401,43386
Vihiga,February,2022,7281,31951
Vihiga,March,2022,9038,30165
Vihiga,April,2022,10590,27693
Vihiga,May,2022,17984,48720
Vihiga,June,2022,24849,71306
Vihiga,July,2022,15899,48947
Vihiga,August,2022,11488,34979
Vihiga,September,2022,8359,31529
Vihiga,October,2022,7545,34250
Vihiga,November,2022,7492,32923
Vihiga,December,2022,6042,24310
Wajir,January,2022,49,577
Wajir,February,2022,47,1265
Wajir,March,2022,57,642
Wajir,April,2022,39,643
Wajir,May,2022,91,729
Wajir,June,2022,33,645
Wajir,July,2022,12,296
Wajir,August,2022,5,647
Wajir,September,2022,7,684
Wajir,October,2022,15,755
Wajir,November,2022,3,446
Wajir,December,2022,5,757
West Pokot,January,2022,6650,5351
West Pokot,February,2022,3895,5415
West Pokot,March,2022,4564,5155
West Pokot,April,2022,4745,3852
West Pokot,May,2022,7938,7364
West Pokot,June,2022,8291,5081
West Pokot,July,2022,9686,4909
West Pokot,August,2022,7323,3506
West Pokot,September,2022,9581,6335
West Pokot,October,2022,8439,8919
West Pokot,November,2022,7516,5414
West Pokot,December,2022,5283,5846
Kenya,January,2023,367194,904566
Kenya,February,2023,367197,975338
Kenya,March,2023,345033,958843
Kenya,April,2023,351550,888343
Kenya,May,2023,554596,1300689
Baringo,January,2023,2222,6918
Baringo,February,2023,2071,7888
Baringo,March,2023,2489,8517
Baringo,April,2023,2337,7003
Baringo,May,2023,3224,7935
Bomet,January,2023,90,1038
Bomet,February,2023,302,1598
Bomet,March,2023,422,2355
Bomet,April,2023,175,2398
Bomet,May,2023,142,1933
Bungoma,January,2023,17749,70113
Bungoma,February,2023,19154,79848
Bungoma,March,2023,21679,80454
Bungoma,April,2023,27105,82999
Bungoma,May,2023,35891,102868
Busia,January,2023,25484,64458
Busia,February,2023,25105,66719
Busia,March,2023,26562,66852
Busia,April,2023,29956,63850
Busia,May,2023,52148,100590
Elgeyo Marakwet,January,2023,502,2754
Elgeyo Marakwet,February,2023,360,2921
Elgeyo Marakwet,March,2023,296,1321
Elgeyo Marakwet,April,2023,545,1747
Elgeyo Marakwet,May,2023,818,2352
Embu,January,2023,55,2427
Embu,February,2023,36,2282
Embu,March,2023,19,2124
Embu,April,2023,21,2485
Embu,May,2023,59,3337
Garissa,January,2023,199,2371
Garissa,February,2023,111,1950
Garissa,March,2023,281,1402
Garissa,April,2023,119,1525
Garissa,May,2023,212,1773
Homa Bay,January,2023,54357,98911
Homa Bay,February,2023,47593,94174
Homa Bay,March,2023,32829,71422
Homa Bay,April,2023,32632,66035
Homa Bay,May,2023,38366,91652
Isiolo,January,2023,396,729
Isiolo,February,2023,320,1109
Isiolo,March,2023,134,772
Isiolo,April,2023,254,827
Isiolo,May,2023,543,1229
Kajiado,January,2023,626,2277
Kajiado,February,2023,471,3137
Kajiado,March,2023,219,3496
Kajiado,April,2023,318,3149
Kajiado,May,2023,602,3559
Kakamega,January,2023,31098,87323
Kakamega,February,2023,35657,107895
Kakamega,March,2023,47494,125220
Kakamega,April,2023,56191,125502
Kakamega,May,2023,86996,189659
Kericho,January,2023,2175,10637
Kericho,February,2023,3907,16310
Kericho,March,2023,3342,13974
Kericho,April,2023,2701,13249
Kericho,May,2023,3186,16295
Kiambu,January,2023,768,3566
Kiambu,February,2023,432,3104
Kiambu,March,2023,352,3199
Kiambu,April,2023,401,2955
Kiambu,May,2023,275,1482
Kilifi,January,2023,6762,23958
Kilifi,February,2023,4821,21962
Kilifi,March,2023,4218,24014
Kilifi,April,2023,3607,20919
Kilifi,May,2023,6723,28789
Kirinyaga,January,2023,50,1073
Kirinyaga,February,2023,26,1243
Kirinyaga,March,2023,36,1403
Kirinyaga,April,2023,25,1694
Kirinyaga,May,2023,48,2927
Kisii,January,2023,5625,30488
Kisii,February,2023,5854,32485
Kisii,March,2023,5491,35548
Kisii,April,2023,5950,36529
Kisii,May,2023,7907,41730
Kisumu,January,2023,35342,78833
Kisumu,February,2023,37511,88555
Kisumu,March,2023,31376,79751
Kisumu,April,2023,26618,64976
Kisumu,May,2023,47001,115569
Kitui,January,2023,59,2587
Kitui,February,2023,63,2555
Kitui,March,2023,38,1964
Kitui,April,2023,43,1825
Kitui,May,2023,28,2626
Kwale,January,2023,8933,25048
Kwale,February,2023,8121,25233
Kwale,March,2023,4978,21099
Kwale,April,2023,3360,16827
Kwale,May,2023,7705,29964
Laikipia,January,2023,80,1468
Laikipia,February,2023,52,71
Laikipia,March,2023,63,306
Laikipia,April,2023,77,387
Laikipia,May,2023,170,495
Lamu,January,2023,22,153
Lamu,February,2023,21,102
Lamu,March,2023,12,422
Lamu,April,2023,11,48
Lamu,May,2023,41,107
Machakos,January,2023,512,3720
Machakos,February,2023,174,3149
Machakos,March,2023,203,3368
Machakos,April,2023,246,3712
Machakos,May,2023,256,3300
Makueni,January,2023,92,1881
Makueni,February,2023,54,1457
Makueni,March,2023,135,1349
Makueni,April,2023,32,1387
Makueni,May,2023,75,2023
Mandera,January,2023,66,1894
Mandera,February,2023,62,1684
Mandera,March,2023,137,1661
Mandera,April,2023,62,1403
Mandera,May,2023,219,1352
Marsabit,January,2023,47,1649
Marsabit,February,2023,54,1520
Marsabit,March,2023,48,1470
Marsabit,April,2023,172,1635
Marsabit,May,2023,764,2281
Meru,January,2023,395,2154
Meru,February,2023,398,2838
Meru,March,2023,283,3545
Meru,April,2023,282,2690
Meru,May,2023,430,3506
Migori,January,2023,62869,103237
Migori,February,2023,73241,122704
Migori,March,2023,68071,117648
Migori,April,2023,50439,89013
Migori,May,2023,54531,107349
Mombasa,January,2023,1531,26316
Mombasa,February,2023,1229,19766
Mombasa,March,2023,807,21105
Mombasa,April,2023,806,25781
Mombasa,May,2023,1546,38886
Muranga,January,2023,47,172
Muranga,February,2023,18,131
Muranga,March,2023,18,173
Muranga,April,2023,24,136
Muranga,May,2023,44,179
Nairobi,January,2023,6416,19686
Nairobi,February,2023,3390,17936
Nairobi,March,2023,2694,17678
Nairobi,April,2023,2550,15853
Nairobi,May,2023,3982,21010
Nakuru,January,2023,1512,7920
Nakuru,February,2023,1154,10336
Nakuru,March,2023,1209,12007
Nakuru,April,2023,713,7268
Nakuru,May,2023,1274,7579
Nandi,January,2023,2907,10389
Nandi,February,2023,4942,11673
Nandi,March,2023,4861,13501
Nandi,April,2023,3011,10683
Nandi,May,2023,4300,13332
Narok,January,2023,746,4572
Narok,February,2023,1177,4736
Narok,March,2023,1149,5682
Narok,April,2023,643,5111
Narok,May,2023,1042,5485
Nyamira,January,2023,1771,7467
Nyamira,February,2023,1636,9770
Nyamira,March,2023,1487,7142
Nyamira,April,2023,1230,7637
Nyamira,May,2023,1243,8915
Nyandarua,January,2023,32,194
Nyandarua,February,2023,28,155
Nyandarua,March,2023,20,220
Nyandarua,April,2023,19,89
Nyandarua,May,2023,18,74
Nyeri,January,2023,55,241
Nyeri,February,2023,42,165
Nyeri,March,2023,17,185
Nyeri,April,2023,33,147
Nyeri,May,2023,61,318
Samburu,January,2023,633,2916
Samburu,February,2023,250,506
Samburu,March,2023,271,623
Samburu,April,2023,1455,3601
Samburu,May,2023,859,2058
Siaya,January,2023,57226,104452
Siaya,February,2023,55862,112183
Siaya,March,2023,49314,102540
Siaya,April,2023,47613,94509
Siaya,May,2023,93243,168153
Taita Taveta,January,2023,118,1780
Taita Taveta,February,2023,67,2292
Taita Taveta,March,2023,58,2148
Taita Taveta,April,2023,48,1717
Taita Taveta,May,2023,106,2305
Tana River,January,2023,667,1857
Tana River,February,2023,374,1281
Tana River,March,2023,425,1490
Tana River,April,2023,273,1186
Tana River,May,2023,738,2314
Tharaka Nithi,January,2023,79,2113
Tharaka Nithi,February,2023,133,2424
Tharaka Nithi,March,2023,99,2540
Tharaka Nithi,April,2023,61,1728
Tharaka Nithi,May,2023,95,3243
Trans Nzoia,January,2023,3745,14206
Trans Nzoia,February,2023,3964,19944
Trans Nzoia,March,2023,3910,18205
Trans Nzoia,April,2023,3986,16258
Trans Nzoia,May,2023,5676,24507
Turkana,January,2023,19094,27807
Turkana,February,2023,12500,14087
Turkana,March,2023,12495,23985
Turkana,April,2023,29656,38248
Turkana,May,2023,61746,68566
Uasin Gishu,January,2023,1557,8076
Uasin Gishu,February,2023,1531,9864
Uasin Gishu,March,2023,1640,10591
Uasin Gishu,April,2023,1359,8620
Uasin Gishu,May,2023,2639,7785
Vihiga,January,2023,7179,26959
Vihiga,February,2023,8705,35720
Vihiga,March,2023,10504,37407
Vihiga,April,2023,9975,27603
Vihiga,May,2023,20536,52086
Wajir,January,2023,5,174
Wajir,February,2023,12,407
Wajir,March,2023,13,425
Wajir,April,2023,27,591
Wajir,May,2023,94,727
West Pokot,January,2023,5299,5604
West Pokot,February,2023,4212,7469
West Pokot,March,2023,2835,6540
West Pokot,April,2023,4389,4808
West Pokot,May,2023,6994,6485
